id,probability
TEST_0001,0.0038968246430157805
TEST_0002,0.997129249572754
TEST_0003,0.9998703002929688
TEST_0004,0.995955276489258
TEST_0005,0.1690845753997564
TEST_0006,0.9991573333740233
TEST_0007,0.000787813961505841
TEST_0008,0.9789748668670655
TEST_0009,0.9980204105377197
TEST_0010,0.00037113719154142
TEST_0011,0.9836692333221436
TEST_0012,0.004200224950909541
TEST_0013,0.9985321998596193
TEST_0014,0.9266076087951662
TEST_0015,0.9972171783447266
TEST_0016,0.9989303588867189
TEST_0017,0.05205256007611744
TEST_0018,0.9973092079162599
TEST_0019,0.9940296173095703
TEST_0020,0.00109088821336618
TEST_0021,0.9310274124145508
TEST_0022,0.0008171497844159199
TEST_0023,0.0026560517027973797
TEST_0024,0.9961641788482667
TEST_0025,0.02742711640894408
TEST_0026,0.0018741955980658002
TEST_0027,0.00350783783942452
TEST_0028,0.9973055362701417
TEST_0029,0.9790733814239502
TEST_0030,0.9931745529174805
TEST_0031,0.006479090638458661
TEST_0032,0.00928348079323764
TEST_0033,0.00014205158222466
TEST_0034,0.9981859207153321
TEST_0035,0.00074724322184918
TEST_0036,0.00185802811756724
TEST_0037,0.998871374130249
TEST_0038,0.9921459674835205
TEST_0039,0.716013765335083
TEST_0040,0.030693331686779842
TEST_0041,0.1840832684189081
TEST_0042,0.001616651006042946
TEST_0043,0.007560483366250962
TEST_0044,0.9971174716949462
TEST_0045,0.7884305477142335
TEST_0046,0.00175202805548904
TEST_0047,0.8261155605316164
TEST_0048,0.00013184241834090002
TEST_0049,0.07697237730026242
TEST_0050,0.9984067440032961
TEST_0051,0.9967942714691163
TEST_0052,0.9907515525817873
TEST_0053,3.774282231461258e-05
TEST_0054,0.9952802658081055
TEST_0055,0.00398995727300642
TEST_0056,0.0055551808327435805
TEST_0057,0.999326229095459
TEST_0058,0.004153383197262861
TEST_0059,0.00522434301674364
TEST_0060,0.9653410911560059
TEST_0061,0.0009270711336284601
TEST_0062,0.08393170386552808
TEST_0063,0.9983222007751467
TEST_0064,0.00516132842749356
TEST_0065,0.9971765518188478
TEST_0066,0.9930348396301272
TEST_0067,0.9959564208984375
TEST_0068,0.9746962070465088
TEST_0069,0.00477170879021284
TEST_0070,0.960504961013794
TEST_0071,0.0104408800601959
TEST_0072,0.9984616756439211
TEST_0073,0.9698151111602784
TEST_0074,0.9861234188079835
TEST_0075,0.005457000061869541
TEST_0076,0.030753523111343363
TEST_0077,0.9968795776367188
TEST_0078,0.13510517142713066
TEST_0079,0.9931636810302735
TEST_0080,0.00069416700862344
TEST_0081,0.9777897357940674
TEST_0082,0.0231480032205581
TEST_0083,0.00305809304118148
TEST_0084,0.002578992024064
TEST_0085,0.0046982742846012
TEST_0086,0.9968297958374024
TEST_0087,0.9966408252716064
TEST_0088,0.9923777103424073
TEST_0089,0.9977102756500245
TEST_0090,0.03692138195037836
TEST_0091,0.0069878157228230806
TEST_0092,0.10261400863528249
TEST_0093,0.9979440212249757
TEST_0094,0.00016308263875542761
TEST_0095,0.9526976108551025
TEST_0096,0.00132505120709534
TEST_0097,0.990157413482666
TEST_0098,0.0028443551622330202
TEST_0099,0.00074648582376532
TEST_0100,0.9970390319824218
TEST_0101,0.9944529056549073
TEST_0102,0.0052113905549048805
TEST_0103,0.9944503307342529
TEST_0104,0.0020941620692610605
TEST_0105,0.9984768390655516
TEST_0106,0.21568255424499508
TEST_0107,0.9892459869384765
TEST_0108,0.9946141242980957
TEST_0109,0.00197895718738436
TEST_0110,0.9958160400390624
TEST_0111,0.9898250579833985
TEST_0112,0.9847270965576174
TEST_0113,0.9974996566772462
TEST_0114,0.9957124710083008
TEST_0115,0.00268376497551796
TEST_0116,0.00011903981212518
TEST_0117,0.00013348973589014
TEST_0118,0.995292854309082
TEST_0119,0.9962652683258059
TEST_0120,0.020567226409912102
TEST_0121,0.9957711696624756
TEST_0122,0.0005000588484107801
TEST_0123,0.9749284267425538
TEST_0124,0.0020435593556612204
TEST_0125,0.061626237630844086
TEST_0126,0.9987825870513918
TEST_0127,0.9706209182739258
TEST_0128,0.04158342480659482
TEST_0129,0.9778484821319581
TEST_0130,0.9988072395324707
TEST_0131,0.9963664531707763
TEST_0132,0.9992691040039063
TEST_0133,0.00178325399756428
TEST_0134,0.9976080894470215
TEST_0135,0.993324661254883
TEST_0136,0.000720928935334
TEST_0137,0.009067909419536526
TEST_0138,0.0010460527613758602
TEST_0139,0.01779014486819504
TEST_0140,0.0054809875786304
TEST_0141,0.07420688269194209
TEST_0142,0.00716639161109922
TEST_0143,0.8423794746398926
TEST_0144,0.0028839144855736802
TEST_0145,0.9958654403686524
TEST_0146,0.9918931961059572
TEST_0147,0.9981330871582033
TEST_0148,0.00075153335928914
TEST_0149,0.9819102764129639
TEST_0150,0.0168973609805107
TEST_0151,0.0007147450931370001
TEST_0152,0.20336387157440186
TEST_0153,0.9792770862579346
TEST_0154,0.00355153987184158
TEST_0155,0.9986324787139893
TEST_0156,0.00417616423219438
TEST_0157,0.01743520088493824
TEST_0158,0.99832501411438
TEST_0159,0.01079660812392824
TEST_0160,0.9909871101379396
TEST_0161,0.8701734066009521
TEST_0162,0.9523032665252685
TEST_0163,0.9970173835754395
TEST_0164,0.9972376823425293
TEST_0165,0.9952491283416749
TEST_0166,0.9864134311676025
TEST_0167,0.0008709857705980201
TEST_0168,0.99585280418396
TEST_0169,0.01149611547589298
TEST_0170,0.0008101807907223401
TEST_0171,0.00589037165045732
TEST_0172,0.9992211341857911
TEST_0173,0.00602535791695112
TEST_0174,0.9952828884124756
TEST_0175,0.0013984528370201
TEST_0176,0.0027803586795925803
TEST_0177,0.01970907151699058
TEST_0178,0.0014930319972336
TEST_0179,0.9822868824005127
TEST_0180,0.9988306999206544
TEST_0181,0.9903930187225342
TEST_0182,0.9999273300170899
TEST_0183,0.00244752690196032
TEST_0184,0.9989792346954347
TEST_0185,0.9543691158294678
TEST_0186,0.09353622794151305
TEST_0187,7.671070634387434e-05
TEST_0188,0.00167048014700404
TEST_0189,0.9983937740325928
TEST_0190,0.9884656429290772
TEST_0191,0.999299144744873
TEST_0192,0.9983963966369629
TEST_0193,0.9574881076812745
TEST_0194,0.0010421628132462
TEST_0195,0.00143339354544874
TEST_0196,0.00010972745367325124
TEST_0197,0.00091125648468724
TEST_0198,0.0001949354307725832
TEST_0199,0.9962371349334718
TEST_0200,0.7008174419403077
TEST_0201,0.01278443969786164
TEST_0202,0.9969505310058594
TEST_0203,0.9857963562011719
TEST_0204,0.9951750278472901
TEST_0205,0.9805354595184327
TEST_0206,0.9195866584777833
TEST_0207,0.0022408302873372604
TEST_0208,0.9917970657348635
TEST_0209,0.9930953979492188
TEST_0210,0.9813822746276855
TEST_0211,0.00021513579413294355
TEST_0212,0.00186272598803036
TEST_0213,0.9910308361053466
TEST_0214,0.9012355327606202
TEST_0215,0.9890797138214112
TEST_0216,0.00017805529059837998
TEST_0217,0.9921671867370605
TEST_0218,0.0005612937733530401
TEST_0219,0.995122528076172
TEST_0220,0.9986261367797852
TEST_0221,0.00117641780525438
TEST_0222,0.9980795860290529
TEST_0223,0.9770178794860841
TEST_0224,0.00101172146387396
TEST_0225,0.9995249748229982
TEST_0226,0.011757181584834998
TEST_0227,0.9982887744903566
TEST_0228,0.00030162539333097996
TEST_0229,0.9854838848114014
TEST_0230,0.9969043254852294
TEST_0231,0.00020363163202994
TEST_0232,0.9894140243530274
TEST_0233,0.9992643833160401
TEST_0234,0.9967360496520996
TEST_0235,0.00233218427747484
TEST_0236,0.023364918818697282
TEST_0237,0.00066270860843356
TEST_0238,0.9882556438446045
TEST_0239,0.00253533814102402
TEST_0240,0.00036942802835248
TEST_0241,0.00113878725096576
TEST_0242,0.0028550429269671206
TEST_0243,0.9950349330902101
TEST_0244,0.9975832462310791
TEST_0245,0.00563210211694236
TEST_0246,0.00317946467548608
TEST_0247,0.00440427474677554
TEST_0248,0.00653241835534564
TEST_0249,0.02037765979766842
TEST_0250,0.0008245307020842401
TEST_0251,0.00242801159620284
TEST_0252,0.9965488910675051
TEST_0253,0.9955964565277101
TEST_0254,0.9956581115722656
TEST_0255,0.00015315407654266
TEST_0256,0.00403348989784716
TEST_0257,0.00013009938411406
TEST_0258,0.9933763027191161
TEST_0259,0.9985054016113282
TEST_0260,0.01972438059747216
TEST_0261,0.8737074851989747
TEST_0262,0.00418253280222414
TEST_0263,0.01616733074188232
TEST_0264,0.0021994734182953
TEST_0265,0.0011556780897080201
TEST_0266,0.980383062362671
TEST_0267,0.9990096569061281
TEST_0268,0.0003098517423495079
TEST_0269,0.9963414192199707
TEST_0270,0.00116617456078524
TEST_0271,0.9909980773925783
TEST_0272,0.00197961293160908
TEST_0273,0.982435989379883
TEST_0274,0.012601208686828581
TEST_0275,0.9830400466918945
TEST_0276,0.00228308700025076
TEST_0277,0.10524818897247312
TEST_0278,0.7296669483184814
TEST_0279,0.00136258136481038
TEST_0280,0.9849560260772705
TEST_0281,0.9916966915130615
TEST_0282,0.9963399410247802
TEST_0283,0.0012865165248512802
TEST_0284,0.00323679819703096
TEST_0285,0.00493279658257958
TEST_0286,0.9992232322692871
TEST_0287,0.5995762825012206
TEST_0288,0.00283905901014802
TEST_0289,0.0032098820433020202
TEST_0290,0.9849124908447267
TEST_0291,0.9729776859283448
TEST_0292,0.9813530445098877
TEST_0293,0.00446660593152038
TEST_0294,0.00452915839850898
TEST_0295,0.00200923122465606
TEST_0296,0.01270213723182678
TEST_0297,0.9934178829193117
TEST_0298,0.00785304270684716
TEST_0299,0.025194731354713378
TEST_0300,0.0006532176397740601
TEST_0301,0.9914885520935061
TEST_0302,0.00538161322474476
TEST_0303,0.00296017844229934
TEST_0304,0.0044925525784492
TEST_0305,0.9911645412445069
TEST_0306,0.9986243724822998
TEST_0307,0.05869470536708824
TEST_0308,0.9523743629455568
TEST_0309,0.9942005157470704
TEST_0310,0.9867784023284912
TEST_0311,0.9937001228332518
TEST_0312,0.999379587173462
TEST_0313,0.9941286087036134
TEST_0314,0.9982303619384765
TEST_0315,0.00072421743534496
TEST_0316,0.00383888836950056
TEST_0317,0.00485415831208228
TEST_0318,0.01436642259359358
TEST_0319,0.9988482475280762
TEST_0320,7.674507796764375e-05
TEST_0321,0.00101366471499202
TEST_0322,0.00086334515362972
TEST_0323,4.105136322321772e-05
TEST_0324,0.051524659991264286
TEST_0325,0.9989114284515381
TEST_0326,0.00547169335186474
TEST_0327,0.0019124420592560802
TEST_0328,0.9994155406951906
TEST_0329,0.38647880554199215
TEST_0330,0.02017708867788308
TEST_0331,0.9416859149932861
TEST_0332,0.00090267388150092
TEST_0333,0.9917507171630859
TEST_0334,0.9984354496002199
TEST_0335,0.014950568974018082
TEST_0336,0.02831872105598444
TEST_0337,0.9965272426605226
TEST_0338,0.9996912956237793
TEST_0339,0.9456414222717286
TEST_0340,0.9916454792022705
TEST_0341,0.9908063411712646
TEST_0342,0.0601091742515564
TEST_0343,0.0026009044609963602
TEST_0344,0.0005912657361477001
TEST_0345,0.02704438269138336
TEST_0346,0.00019230395555494003
TEST_0347,0.9989985942840577
TEST_0348,0.9985130310058594
TEST_0349,0.0064362211152911
TEST_0350,0.9940570354461671
TEST_0351,0.05397254526615136
TEST_0352,0.06386039555072784
TEST_0353,0.981108331680298
TEST_0354,0.0002273066435009
TEST_0355,0.0012659919448196402
TEST_0356,0.00111176138743756
TEST_0357,0.08746494650840751
TEST_0358,0.00822496600449084
TEST_0359,0.00071073472499842
TEST_0360,0.00012244042009110445
TEST_0361,0.00051622930914162
TEST_0362,0.9982049942016602
TEST_0363,0.00432392526417966
TEST_0364,0.00330546572804442
TEST_0365,0.0106236087158322
TEST_0366,0.0010995721444487401
TEST_0367,0.9950438499450684
TEST_0368,0.8702756881713868
TEST_0369,0.05737912654876704
TEST_0370,0.9969093799591067
TEST_0371,0.6357090473175049
TEST_0372,0.9990036487579346
TEST_0373,0.00170751912519332
TEST_0374,0.0011526557616889001
TEST_0375,0.00040097876917564003
TEST_0376,0.9982474327087403
TEST_0377,0.9995105743408204
TEST_0378,0.05654652547091241
TEST_0379,0.9955240726470947
TEST_0380,0.9984582424163818
TEST_0381,0.00147700710222118
TEST_0382,0.044890095293521844
TEST_0383,0.9801924228668213
TEST_0384,0.00113127408549184
TEST_0385,0.12330922484397888
TEST_0386,0.9940374851226808
TEST_0387,0.9632202148437502
TEST_0388,0.0209423057734966
TEST_0389,0.9981262207031251
TEST_0390,0.9995308876037596
TEST_0391,0.00044149709865442
TEST_0392,0.13274670429527752
TEST_0393,0.9928660869598389
TEST_0394,0.1432850049808621
TEST_0395,0.9987175941467286
TEST_0396,0.04603651463985442
TEST_0397,0.0009699420072137401
TEST_0398,0.00147797893732786
TEST_0399,0.9826019763946535
TEST_0400,0.9988128185272218
TEST_0401,0.0034918416291474406
TEST_0402,0.7187473773956299
TEST_0403,0.9980156898498536
TEST_0404,0.988929271697998
TEST_0405,0.9993867397308349
TEST_0406,0.9912252426147461
TEST_0407,0.9879590988159181
TEST_0408,0.00305159445852034
TEST_0409,0.0029419984668493005
TEST_0410,0.9691562652587892
TEST_0411,0.9983880043029785
TEST_0412,0.9983838558197021
TEST_0413,0.8473689079284668
TEST_0414,0.00465706959366796
TEST_0415,0.9995397090911866
TEST_0416,0.9980342864990234
TEST_0417,0.9536983013153076
TEST_0418,0.9947829723358155
TEST_0419,0.9988788127899171
TEST_0420,0.0026743364520370604
TEST_0421,0.0018532136455178
TEST_0422,0.9960694789886474
TEST_0423,0.98298716545105
TEST_0424,0.9108987331390381
TEST_0425,0.1863870292901993
TEST_0426,0.0012884444557129601
TEST_0427,0.0069235406816005405
TEST_0428,0.00336072072386732
TEST_0429,0.9985217571258544
TEST_0430,0.0011313828639685601
TEST_0431,0.00295044928789134
TEST_0432,0.19161558151245114
TEST_0433,0.0052996832877396805
TEST_0434,0.01326265726238484
TEST_0435,0.014435683190822581
TEST_0436,0.525296401977539
TEST_0437,0.0022515403106808
TEST_0438,0.0033267844468354603
TEST_0439,0.9961429119110108
TEST_0440,0.9980689048767091
TEST_0441,0.00237068068236106
TEST_0442,0.985839557647705
TEST_0443,0.9963449478149414
TEST_0444,0.9922226428985598
TEST_0445,0.9994306087493898
TEST_0446,0.9982056617736818
TEST_0447,0.013335352391004522
TEST_0448,0.0078965188004076
TEST_0449,0.9975277423858644
TEST_0450,0.6790240764617921
TEST_0451,0.9842494964599611
TEST_0452,0.9431204319000244
TEST_0453,0.00080397899728264
TEST_0454,0.0025529716163873403
TEST_0455,0.0051092429086565805
TEST_0456,0.9977971553802489
TEST_0457,0.9497541904449462
TEST_0458,0.9985261440277101
TEST_0459,0.00113219572231164
TEST_0460,0.00171005716547366
TEST_0461,0.010382321476936303
TEST_0462,0.00012953045079479024
TEST_0463,0.9988113880157471
TEST_0464,0.9498725891113282
TEST_0465,0.00042070692870764005
TEST_0466,0.0138762269169092
TEST_0467,0.00107243862003082
TEST_0468,0.00286994725465772
TEST_0469,0.9971503734588625
TEST_0470,0.00026632547378532134
TEST_0471,0.0028533203527331004
TEST_0472,0.00675390101969238
TEST_0473,0.9789726257324218
TEST_0474,0.00857404172420494
TEST_0475,0.0015052068047225202
TEST_0476,0.9948927402496338
TEST_0477,0.9960745811462404
TEST_0478,0.9990741729736328
TEST_0479,0.9812151908874512
TEST_0480,0.9906632423400881
TEST_0481,0.9963073253631592
TEST_0482,0.0034590313211083
TEST_0483,0.6771724700927735
TEST_0484,0.00311294011771676
TEST_0485,0.9900333404541015
TEST_0486,0.013222365826368281
TEST_0487,0.01251386404037468
TEST_0488,0.00328762419521808
TEST_0489,0.0018115647137164402
TEST_0490,0.9975790023803712
TEST_0491,0.997324562072754
TEST_0492,0.9979345798492432
TEST_0493,0.9813272476196289
TEST_0494,0.0017062652856111
TEST_0495,0.0013481340371071801
TEST_0496,0.00041781920008357996
TEST_0497,0.00092972768470642
TEST_0498,0.05768828094005585
TEST_0499,0.998939895629883
TEST_0500,0.9939231872558594
TEST_0501,0.9796952724456788
TEST_0502,0.00378377502784126
TEST_0503,0.00029464634135358003
TEST_0504,0.9133519649505616
TEST_0505,0.9976399421691895
TEST_0506,0.9961430072784425
TEST_0507,0.998587226867676
TEST_0508,0.007764759659767141
TEST_0509,0.9888395309448244
TEST_0510,0.9951031684875489
TEST_0511,0.00568124987185
TEST_0512,0.9990126132965089
TEST_0513,0.06644196622073649
TEST_0514,0.0038435073569416407
TEST_0515,0.0008458668366074
TEST_0516,0.998489236831665
TEST_0517,0.0020926276221871
TEST_0518,0.0021799979731440397
TEST_0519,0.9663646697998048
TEST_0520,0.15535899549722665
TEST_0521,0.0006818344816565201
TEST_0522,0.8837426185607911
TEST_0523,0.9594851970672609
TEST_0524,0.00633569806814188
TEST_0525,0.004512783512473041
TEST_0526,0.9970472812652589
TEST_0527,0.9762645244598389
TEST_0528,0.00069862301461394
TEST_0529,0.996382761001587
TEST_0530,0.2091067567467689
TEST_0531,0.9944800853729249
TEST_0532,0.00190239492803808
TEST_0533,0.9956447601318359
TEST_0534,0.0574950102716684
TEST_0535,0.9987895965576172
TEST_0536,0.0054942766204476206
TEST_0537,0.00869684219360342
TEST_0538,0.0016799336299299602
TEST_0539,0.9939423561096193
TEST_0540,0.5551694869995117
TEST_0541,0.00233360212296246
TEST_0542,0.5709639549255372
TEST_0543,0.006735968589782701
TEST_0544,0.0020087027922272003
TEST_0545,0.01885363310575478
TEST_0546,0.9952996730804444
TEST_0547,0.0013562951236963001
TEST_0548,0.9966183185577392
TEST_0549,0.9936273574829102
TEST_0550,0.00090671749785536
TEST_0551,0.00246745627373448
TEST_0552,0.009517671912908521
TEST_0553,0.9963316917419434
TEST_0554,0.0022172993049025397
TEST_0555,0.639214277267456
TEST_0556,0.9665133476257326
TEST_0557,0.00171936769038436
TEST_0558,0.0020856440067291
TEST_0559,0.00786206722259514
TEST_0560,0.00021280115470284001
TEST_0561,0.00029092661570754
TEST_0562,0.9979237079620362
TEST_0563,0.9937971591949463
TEST_0564,0.9972552299499512
TEST_0565,0.0010171663947403202
TEST_0566,0.0012797763571142401
TEST_0567,0.9837670803070069
TEST_0568,0.027514389157295163
TEST_0569,0.00043884606566276
TEST_0570,0.9975755691528321
TEST_0571,0.00038349467795338
TEST_0572,0.00940052717924112
TEST_0573,0.9689041614532471
TEST_0574,0.0013130706734954401
TEST_0575,0.0058620367199182
TEST_0576,0.9951776027679444
TEST_0577,0.12298346161842344
TEST_0578,0.6572696685791016
TEST_0579,0.01519309654831882
TEST_0580,0.9757601737976074
TEST_0581,0.07778091728687281
TEST_0582,0.0600450456142425
TEST_0583,0.9974584102630615
TEST_0584,0.987967348098755
TEST_0585,0.9949604988098144
TEST_0586,0.00027232957072548616
TEST_0587,0.9919724464416504
TEST_0588,0.9952884197235108
TEST_0589,0.6327568531036378
TEST_0590,0.00286384206265206
TEST_0591,0.00124732032418244
TEST_0592,0.9865496635437011
TEST_0593,0.9991254806518555
TEST_0594,0.9955652236938477
TEST_0595,0.9889548301696778
TEST_0596,0.11615428794175384
TEST_0597,0.00389368701726198
TEST_0598,0.9979836940765381
TEST_0599,0.9923021316528321
TEST_0600,0.9947113037109376
TEST_0601,0.0015564664267003001
TEST_0602,0.015598589181900002
TEST_0603,0.00427675582468504
TEST_0604,0.0006810521241276801
TEST_0605,0.9974902153015137
TEST_0606,0.9551463127136232
TEST_0607,0.00124867288395756
TEST_0608,0.00205251425504682
TEST_0609,0.9329678535461426
TEST_0610,0.9317931175231934
TEST_0611,0.0012564812786876802
TEST_0612,0.00355765633285044
TEST_0613,0.9941869735717773
TEST_0614,0.968108367919922
TEST_0615,0.98952374458313
TEST_0616,0.9955500602722168
TEST_0617,0.995697021484375
TEST_0618,0.9973888874053956
TEST_0619,0.4163252353668213
TEST_0620,0.00026703809853636005
TEST_0621,0.9949691772460938
TEST_0622,0.00037563177756962
TEST_0623,0.9960701465606691
TEST_0624,0.00440425388514988
TEST_0625,0.0015205670148133402
TEST_0626,0.9853124618530273
TEST_0627,0.00044084249529984
TEST_0628,0.9970385551452637
TEST_0629,0.9988914489746092
TEST_0630,0.9931199550628663
TEST_0631,0.966639518737793
TEST_0632,0.0078105714172124205
TEST_0633,0.00096122017130254
TEST_0634,0.9940345287322999
TEST_0635,0.9973699569702148
TEST_0636,0.0062734935432672
TEST_0637,0.01056695915758608
TEST_0638,0.9983316898345949
TEST_0639,0.00203694887459274
TEST_0640,0.9695261001586916
TEST_0641,0.00020400724606586002
TEST_0642,0.08206537365913384
TEST_0643,0.0660295128822326
TEST_0644,0.00357563700526952
TEST_0645,0.00097077898681156
TEST_0646,0.445815920829773
TEST_0647,0.9992172241210937
TEST_0648,0.9963731765747071
TEST_0649,0.9953214645385743
TEST_0650,0.9922510623931885
TEST_0651,0.0047902069985866005
TEST_0652,0.9768675327301026
TEST_0653,0.9885085105895997
TEST_0654,0.9836894035339356
TEST_0655,0.9986273765563966
TEST_0656,0.987716293334961
TEST_0657,0.9969715118408204
TEST_0658,0.997121238708496
TEST_0659,0.00128904525190584
TEST_0660,0.9964550495147706
TEST_0661,0.1826440095901489
TEST_0662,0.9734763622283937
TEST_0663,0.9921373367309572
TEST_0664,0.9944085121154785
TEST_0665,0.0007355405017733201
TEST_0666,0.00412483327090736
TEST_0667,0.9977998733520509
TEST_0668,0.0006460434291511
TEST_0669,0.0035233626142143802
TEST_0670,0.00013100380310782
TEST_0671,0.9988084316253663
TEST_0672,0.9954102993011475
TEST_0673,0.9987352371215822
TEST_0674,0.9910500526428223
TEST_0675,0.00191273670643562
TEST_0676,0.00058698211796576
TEST_0677,0.01934339180588716
TEST_0678,0.00577674135565752
TEST_0679,0.9785131454467773
TEST_0680,0.0020100845023989203
TEST_0681,3.707052528625354e-05
TEST_0682,0.048882316052913606
TEST_0683,0.9955953598022462
TEST_0684,0.0020609523169696003
TEST_0685,0.9866947650909424
TEST_0686,0.0038588311523198803
TEST_0687,0.06461068168282505
TEST_0688,0.9946735858917235
TEST_0689,0.00052388655021784
TEST_0690,0.011335975676774942
TEST_0691,0.9981680870056153
TEST_0692,0.9308286190032959
TEST_0693,0.9663948059082033
TEST_0694,0.9979551315307618
TEST_0695,0.9972607612609863
TEST_0696,0.0009259931743144601
TEST_0697,0.9979961872100831
TEST_0698,0.040832920372486085
TEST_0699,0.29491486549377444
TEST_0700,0.00032635296229268
TEST_0701,0.9992788314819336
TEST_0702,0.9994550704956056
TEST_0703,0.9922579765319826
TEST_0704,0.9405018329620363
TEST_0705,0.9899039268493652
TEST_0706,0.9989286899566651
TEST_0707,0.0027692919597028798
TEST_0708,0.02880787625908848
TEST_0709,0.99787278175354
TEST_0710,0.9831626415252686
TEST_0711,0.9987326622009276
TEST_0712,0.9965041637420655
TEST_0713,0.00254705790430306
TEST_0714,0.034221699461340876
TEST_0715,0.07776663303375242
TEST_0716,0.00050151329487558
TEST_0717,0.0007330403663217599
TEST_0718,0.9163025856018068
TEST_0719,0.9925876617431643
TEST_0720,0.005189228616654841
TEST_0721,0.997862148284912
TEST_0722,0.0020152118057012
TEST_0723,0.989853858947754
TEST_0724,0.0340676334220916
TEST_0725,0.0029465103521942202
TEST_0726,0.05862204432487485
TEST_0727,0.004352946951985321
TEST_0728,0.00140353441238402
TEST_0729,0.00176589190959922
TEST_0730,0.02022352730855344
TEST_0731,0.0017436502501368201
TEST_0732,0.0033817261457443006
TEST_0733,0.997477149963379
TEST_0734,0.9997171878814698
TEST_0735,0.9938623428344726
TEST_0736,0.980941343307495
TEST_0737,0.9956692695617677
TEST_0738,0.00182468630373472
TEST_0739,0.9950876235961914
TEST_0740,0.0006080660503357
TEST_0741,0.9574518203735352
TEST_0742,0.9949577808380129
TEST_0743,0.997032642364502
TEST_0744,0.973257875442505
TEST_0745,0.0064064599573612005
TEST_0746,0.9830814838409424
TEST_0747,0.9991384983062745
TEST_0748,0.9500838279724123
TEST_0749,0.9977196693420409
TEST_0750,0.9984762191772462
TEST_0751,0.9848821640014649
TEST_0752,0.986609172821045
TEST_0753,0.995847511291504
TEST_0754,0.011826795339584282
TEST_0755,0.9963087081909181
TEST_0756,0.9961415767669677
TEST_0757,0.058260267972946145
TEST_0758,0.9991494655609132
TEST_0759,0.00564821586012834
TEST_0760,0.9254136562347411
TEST_0761,0.05984204150736328
TEST_0762,0.998684549331665
TEST_0763,0.0102549940347671
TEST_0764,0.9935330867767335
TEST_0765,0.9941119670867921
TEST_0766,0.9963730812072754
TEST_0767,0.00010578579385759563
TEST_0768,0.9950509071350099
TEST_0769,0.9779563903808594
TEST_0770,0.00136778838932506
TEST_0771,0.9873404502868655
TEST_0772,0.002740080840885565
TEST_0773,0.16711133718490598
TEST_0774,0.00233519431203598
TEST_0775,0.00213910825550552
TEST_0776,0.9987767696380615
TEST_0777,0.9969598293304445
TEST_0778,0.0033660082146525203
TEST_0779,0.0008596802596002001
TEST_0780,0.9967627048492432
TEST_0781,0.9976755142211913
TEST_0782,0.9980646133422852
TEST_0783,0.01500565707683558
TEST_0784,0.9255177974700928
TEST_0785,0.011082978546619342
TEST_0786,0.00102188307791942
TEST_0787,0.9872028350830079
TEST_0788,0.9957221984863283
TEST_0789,0.10180966109037393
TEST_0790,0.17024794863536952
TEST_0791,0.9981367111206055
TEST_0792,0.9969862937927247
TEST_0793,0.9547924518585206
TEST_0794,0.998101806640625
TEST_0795,0.9976274967193604
TEST_0796,0.9991603374481202
TEST_0797,0.9946687698364258
TEST_0798,0.9777217388153077
TEST_0799,0.7958968162536622
TEST_0800,0.9943293094635011
TEST_0801,0.9966755390167236
TEST_0802,0.9985778331756592
TEST_0803,0.9985241413116455
TEST_0804,0.9984287261962891
TEST_0805,0.009090801328420581
TEST_0806,0.00063239037990566
TEST_0807,0.9492698669433595
TEST_0808,0.0036407697945832398
TEST_0809,0.0008140224497764601
TEST_0810,0.36479374170303347
TEST_0811,0.9939459323883056
TEST_0812,0.00405074246227732
TEST_0813,0.9980544567108154
TEST_0814,0.9976871967315675
TEST_0815,0.985854196548462
TEST_0816,0.9951497077941895
TEST_0817,0.9960691928863528
TEST_0818,0.994588851928711
TEST_0819,0.00013165472773828
TEST_0820,0.9991391658782961
TEST_0821,0.007486920803785261
TEST_0822,0.9990530490875246
TEST_0823,0.9876307487487793
TEST_0824,0.9750661849975586
TEST_0825,0.4586661338806152
TEST_0826,0.9988965034484865
TEST_0827,0.863938856124878
TEST_0828,0.0022218117490410204
TEST_0829,0.07066272348165512
TEST_0830,0.9912641525268554
TEST_0831,0.000283483765088
TEST_0832,0.9940595149993898
TEST_0833,0.999615001678467
TEST_0834,0.0016255558468400801
TEST_0835,0.0045886670239269406
TEST_0836,0.9967714309692384
TEST_0837,0.0001593069056980101
TEST_0838,0.9907689094543457
TEST_0839,0.9970143795013428
TEST_0840,0.999458694458008
TEST_0841,0.9938770771026613
TEST_0842,0.9935597419738771
TEST_0843,0.9990364074707031
TEST_0844,0.01303024310618632
TEST_0845,0.9926555156707764
TEST_0846,0.9967321872711181
TEST_0847,0.9968565940856935
TEST_0848,0.00137610929086798
TEST_0849,0.9978810787200929
TEST_0850,0.00162927042692896
TEST_0851,0.022440494596958162
TEST_0852,0.9869233608245851
TEST_0853,0.9989599227905275
TEST_0854,0.00037798576522612005
TEST_0855,0.00098507683724158
TEST_0856,0.08461130745708936
TEST_0857,0.9981266975402833
TEST_0858,0.06441612094640728
TEST_0859,0.9714132308959963
TEST_0860,0.9944353103637698
TEST_0861,0.01438786666840312
TEST_0862,0.0178215339779853
TEST_0863,0.00074197133071716
TEST_0864,0.9930697441101076
TEST_0865,0.00456303004175418
TEST_0866,0.9765710353851319
TEST_0867,0.9887901782989502
TEST_0868,0.00880879983305928
TEST_0869,0.0032064627856015597
TEST_0870,0.00142609570175408
TEST_0871,0.9930793762207031
TEST_0872,0.00255043599754566
TEST_0873,0.988718318939209
TEST_0874,0.9967003345489502
TEST_0875,0.9954597473144532
TEST_0876,0.9886652469635011
TEST_0877,0.00117623982951038
TEST_0878,0.9985759735107422
TEST_0879,0.20475234985351562
TEST_0880,0.00041193433571602
TEST_0881,0.014512681961059499
TEST_0882,0.9882416248321534
TEST_0883,0.0070673912763595
TEST_0884,0.0037834547460079003
TEST_0885,0.9975877285003663
TEST_0886,0.0018145749345421
TEST_0887,0.990185546875
TEST_0888,0.00042677784804252003
TEST_0889,0.9999832153320314
TEST_0890,0.00015860216226424003
TEST_0891,0.9985498905181885
TEST_0892,0.9976306915283204
TEST_0893,0.991180181503296
TEST_0894,0.0056227284483611
TEST_0895,0.9963177204132081
TEST_0896,0.00337779689580198
TEST_0897,0.9939408779144288
TEST_0898,0.0035895561799406802
TEST_0899,0.0012182011734693803
TEST_0900,0.9559779167175294
TEST_0901,0.9934090614318848
TEST_0902,0.998777437210083
TEST_0903,0.047588369250297524
TEST_0904,0.00207241661846634
TEST_0905,0.0007970600388943601
TEST_0906,0.9971234321594238
TEST_0907,0.997708511352539
TEST_0908,0.3630230903625489
TEST_0909,0.9623846530914308
TEST_0910,0.6553202629089356
TEST_0911,0.99454665184021
TEST_0912,0.9908166885375979
TEST_0913,0.00052486604545262
TEST_0914,0.9902802467346192
TEST_0915,0.00116847511380904
TEST_0916,0.00322501547634598
TEST_0917,0.9998671531677246
TEST_0918,0.9951666831970215
TEST_0919,0.9948857784271241
TEST_0920,0.0007496281526982
TEST_0921,0.013066303730010921
TEST_0922,0.0019102917052805002
TEST_0923,0.9880059719085693
TEST_0924,0.9947129726409913
TEST_0925,0.00223065763711922
TEST_0926,0.0024246430024504203
TEST_0927,0.17832701560109848
TEST_0928,0.0005646406672894601
TEST_0929,0.00038420497439801277
TEST_0930,0.9900636196136474
TEST_0931,0.9929821014404299
TEST_0932,0.0021537063643336
TEST_0933,0.9743424892425536
TEST_0934,0.0004957975354045224
TEST_0935,0.0463553257286548
TEST_0936,0.004851962998509361
TEST_0937,0.9924866199493408
TEST_0938,0.00030013269279144
TEST_0939,0.06871647834777825
TEST_0940,0.00143797369673844
TEST_0941,0.997492504119873
TEST_0942,0.9013898849487305
TEST_0943,0.00020742716733359242
TEST_0944,0.9990079879760743
TEST_0945,0.9990426063537597
TEST_0946,0.9986924171447754
TEST_0947,0.9992167472839356
TEST_0948,0.9921916961669922
TEST_0949,0.0005618124734609815
TEST_0950,0.9962590694427491
TEST_0951,0.9975893020629883
TEST_0952,0.628589391708374
TEST_0953,0.9819559574127197
TEST_0954,0.04256363213062282
TEST_0955,0.9978423595428467
TEST_0956,0.996014976501465
TEST_0957,0.0039779938757419
TEST_0958,0.9787925720214845
TEST_0959,0.9742054462432861
TEST_0960,0.0002379421144723747
TEST_0961,0.00101828244514762
TEST_0962,8.550307829862402e-05
TEST_0963,0.9980757713317873
TEST_0964,0.9990967273712159
TEST_0965,0.00248188097029924
TEST_0966,0.00469750203192226
TEST_0967,0.00333554893732066
TEST_0968,0.00011178840650242228
TEST_0969,9.70946624875e-05
TEST_0970,0.00024705161340526
TEST_0971,0.9718368530273437
TEST_0972,0.0014980349689721602
TEST_0973,0.00050974218174812
TEST_0974,0.9946988105773926
TEST_0975,0.00058493753895158
TEST_0976,0.9942801475524903
TEST_0977,0.00267333164811126
TEST_0978,0.9993234634399415
TEST_0979,0.00776122584938996
TEST_0980,0.9891752243041992
TEST_0981,0.00354238264262674
TEST_0982,0.9882477283477782
TEST_0983,0.9888431072235109
TEST_0984,0.00100685497745868
TEST_0985,0.0019460123032330801
TEST_0986,0.0045777868479489605
TEST_0987,0.00125132170505816
TEST_0988,0.007038515992462581
TEST_0989,0.00059269699268036
TEST_0990,0.0013073253445327
TEST_0991,0.1745229631662369
TEST_0992,0.9941453933715823
TEST_0993,0.0020833747461437803
TEST_0994,0.9976819992065431
TEST_0995,0.180829918384552
TEST_0996,0.0015248881652951002
TEST_0997,0.013902786374092101
TEST_0998,0.9984532833099367
TEST_0999,0.009253225475549682
TEST_1000,0.00016550248255947064
