id,unstable_prob
TEST_0001,0.0038968246430157
TEST_0002,0.997129249572754
TEST_0003,0.9998703002929688
TEST_0004,0.995955276489258
TEST_0005,0.1690845753997564
TEST_0006,0.9991573333740232
TEST_0007,0.0007878139615058
TEST_0008,0.9789748668670656
TEST_0009,0.9980204105377196
TEST_0010,0.0003711371915414
TEST_0011,0.9836692333221436
TEST_0012,0.0042002249509095
TEST_0013,0.9985321998596192
TEST_0014,0.9266076087951662
TEST_0015,0.9972171783447266
TEST_0016,0.9989303588867188
TEST_0017,0.0520525600761174
TEST_0018,0.99730920791626
TEST_0019,0.9940296173095704
TEST_0020,0.0010908882133661
TEST_0021,0.9310274124145508
TEST_0022,0.0008171497844159
TEST_0023,0.0026560517027973
TEST_0024,0.9961641788482668
TEST_0025,0.027427116408944
TEST_0026,0.0018741955980658
TEST_0027,0.0035078378394245
TEST_0028,0.9973055362701416
TEST_0029,0.9790733814239502
TEST_0030,0.9931745529174804
TEST_0031,0.0064790906384586
TEST_0032,0.0092834807932376
TEST_0033,0.0001420515822246
TEST_0034,0.998185920715332
TEST_0035,0.0007472432218491
TEST_0036,0.0018580281175672
TEST_0037,0.998871374130249
TEST_0038,0.9921459674835204
TEST_0039,0.716013765335083
TEST_0040,0.0306933316867798
TEST_0041,0.1840832684189081
TEST_0042,0.0016166510060429
TEST_0043,0.0075604833662509
TEST_0044,0.9971174716949462
TEST_0045,0.7884305477142335
TEST_0046,0.001752028055489
TEST_0047,0.8261155605316164
TEST_0048,0.0001318424183409
TEST_0049,0.0769723773002624
TEST_0050,0.998406744003296
TEST_0051,0.9967942714691164
TEST_0052,0.9907515525817872
TEST_0053,3.774282231461258e-05
TEST_0054,0.9952802658081056
TEST_0055,0.0039899572730064
TEST_0056,0.0055551808327435
TEST_0057,0.999326229095459
TEST_0058,0.0041533831972628
TEST_0059,0.0052243430167436
TEST_0060,0.965341091156006
TEST_0061,0.0009270711336284
TEST_0062,0.083931703865528
TEST_0063,0.9983222007751468
TEST_0064,0.0051613284274935
TEST_0065,0.9971765518188478
TEST_0066,0.9930348396301272
TEST_0067,0.9959564208984376
TEST_0068,0.9746962070465088
TEST_0069,0.0047717087902128
TEST_0070,0.960504961013794
TEST_0071,0.0104408800601959
TEST_0072,0.9984616756439212
TEST_0073,0.9698151111602784
TEST_0074,0.9861234188079836
TEST_0075,0.0054570000618695
TEST_0076,0.0307535231113433
TEST_0077,0.9968795776367188
TEST_0078,0.1351051714271306
TEST_0079,0.9931636810302736
TEST_0080,0.0006941670086234
TEST_0081,0.9777897357940674
TEST_0082,0.0231480032205581
TEST_0083,0.0030580930411814
TEST_0084,0.002578992024064
TEST_0085,0.0046982742846012
TEST_0086,0.9968297958374024
TEST_0087,0.9966408252716064
TEST_0088,0.9923777103424072
TEST_0089,0.9977102756500243
TEST_0090,0.0369213819503783
TEST_0091,0.006987815722823
TEST_0092,0.1026140086352824
TEST_0093,0.9979440212249756
TEST_0094,0.0001630826387554
TEST_0095,0.9526976108551024
TEST_0096,0.0013250512070953
TEST_0097,0.990157413482666
TEST_0098,0.002844355162233
TEST_0099,0.0007464858237653
TEST_0100,0.9970390319824218
TEST_0101,0.9944529056549072
TEST_0102,0.0052113905549048
TEST_0103,0.9944503307342528
TEST_0104,0.002094162069261
TEST_0105,0.9984768390655516
TEST_0106,0.215682554244995
TEST_0107,0.9892459869384764
TEST_0108,0.9946141242980956
TEST_0109,0.0019789571873843
TEST_0110,0.9958160400390624
TEST_0111,0.9898250579833984
TEST_0112,0.9847270965576174
TEST_0113,0.9974996566772462
TEST_0114,0.9957124710083008
TEST_0115,0.0026837649755179
TEST_0116,0.0001190398121251
TEST_0117,0.0001334897358901
TEST_0118,0.995292854309082
TEST_0119,0.996265268325806
TEST_0120,0.0205672264099121
TEST_0121,0.9957711696624756
TEST_0122,0.0005000588484107
TEST_0123,0.9749284267425538
TEST_0124,0.0020435593556612
TEST_0125,0.061626237630844
TEST_0126,0.9987825870513918
TEST_0127,0.9706209182739258
TEST_0128,0.0415834248065948
TEST_0129,0.977848482131958
TEST_0130,0.9988072395324707
TEST_0131,0.9963664531707764
TEST_0132,0.9992691040039064
TEST_0133,0.0017832539975642
TEST_0134,0.9976080894470216
TEST_0135,0.993324661254883
TEST_0136,0.000720928935334
TEST_0137,0.0090679094195365
TEST_0138,0.0010460527613758
TEST_0139,0.017790144868195
TEST_0140,0.0054809875786304
TEST_0141,0.074206882691942
TEST_0142,0.0071663916110992
TEST_0143,0.8423794746398926
TEST_0144,0.0028839144855736
TEST_0145,0.9958654403686524
TEST_0146,0.9918931961059572
TEST_0147,0.9981330871582031
TEST_0148,0.0007515333592891
TEST_0149,0.981910276412964
TEST_0150,0.0168973609805107
TEST_0151,0.000714745093137
TEST_0152,0.2033638715744018
TEST_0153,0.9792770862579346
TEST_0154,0.0035515398718415
TEST_0155,0.9986324787139892
TEST_0156,0.0041761642321943
TEST_0157,0.0174352008849382
TEST_0158,0.99832501411438
TEST_0159,0.0107966081239282
TEST_0160,0.9909871101379396
TEST_0161,0.8701734066009521
TEST_0162,0.9523032665252684
TEST_0163,0.9970173835754396
TEST_0164,0.9972376823425292
TEST_0165,0.9952491283416748
TEST_0166,0.9864134311676024
TEST_0167,0.000870985770598
TEST_0168,0.99585280418396
TEST_0169,0.0114961154758929
TEST_0170,0.0008101807907223
TEST_0171,0.0058903716504573
TEST_0172,0.9992211341857912
TEST_0173,0.0060253579169511
TEST_0174,0.9952828884124756
TEST_0175,0.0013984528370201
TEST_0176,0.0027803586795925
TEST_0177,0.0197090715169905
TEST_0178,0.0014930319972336
TEST_0179,0.9822868824005128
TEST_0180,0.9988306999206544
TEST_0181,0.9903930187225342
TEST_0182,0.99992733001709
TEST_0183,0.0024475269019603
TEST_0184,0.9989792346954348
TEST_0185,0.9543691158294678
TEST_0186,0.093536227941513
TEST_0187,7.671070634387434e-05
TEST_0188,0.001670480147004
TEST_0189,0.9983937740325928
TEST_0190,0.9884656429290772
TEST_0191,0.999299144744873
TEST_0192,0.9983963966369628
TEST_0193,0.9574881076812743
TEST_0194,0.0010421628132462
TEST_0195,0.0014333935454487
TEST_0196,0.0001097274536732
TEST_0197,0.0009112564846872
TEST_0198,0.0001949354307725
TEST_0199,0.9962371349334718
TEST_0200,0.7008174419403077
TEST_0201,0.0127844396978616
TEST_0202,0.9969505310058594
TEST_0203,0.985796356201172
TEST_0204,0.99517502784729
TEST_0205,0.9805354595184328
TEST_0206,0.9195866584777832
TEST_0207,0.0022408302873372
TEST_0208,0.9917970657348636
TEST_0209,0.9930953979492188
TEST_0210,0.9813822746276856
TEST_0211,0.0002151357941329
TEST_0212,0.0018627259880303
TEST_0213,0.9910308361053466
TEST_0214,0.9012355327606202
TEST_0215,0.9890797138214112
TEST_0216,0.0001780552905983
TEST_0217,0.9921671867370604
TEST_0218,0.000561293773353
TEST_0219,0.995122528076172
TEST_0220,0.9986261367797852
TEST_0221,0.0011764178052543
TEST_0222,0.9980795860290528
TEST_0223,0.977017879486084
TEST_0224,0.0010117214638739
TEST_0225,0.9995249748229982
TEST_0226,0.0117571815848349
TEST_0227,0.9982887744903566
TEST_0228,0.0003016253933309
TEST_0229,0.9854838848114014
TEST_0230,0.9969043254852294
TEST_0231,0.0002036316320299
TEST_0232,0.9894140243530274
TEST_0233,0.99926438331604
TEST_0234,0.9967360496520996
TEST_0235,0.0023321842774748
TEST_0236,0.0233649188186972
TEST_0237,0.0006627086084335
TEST_0238,0.9882556438446044
TEST_0239,0.002535338141024
TEST_0240,0.0003694280283524
TEST_0241,0.0011387872509657
TEST_0242,0.0028550429269671
TEST_0243,0.99503493309021
TEST_0244,0.9975832462310792
TEST_0245,0.0056321021169423
TEST_0246,0.003179464675486
TEST_0247,0.0044042747467755
TEST_0248,0.0065324183553456
TEST_0249,0.0203776597976684
TEST_0250,0.0008245307020842
TEST_0251,0.0024280115962028
TEST_0252,0.9965488910675052
TEST_0253,0.99559645652771
TEST_0254,0.9956581115722656
TEST_0255,0.0001531540765426
TEST_0256,0.0040334898978471
TEST_0257,0.000130099384114
TEST_0258,0.993376302719116
TEST_0259,0.9985054016113282
TEST_0260,0.0197243805974721
TEST_0261,0.8737074851989747
TEST_0262,0.0041825328022241
TEST_0263,0.0161673307418823
TEST_0264,0.0021994734182953
TEST_0265,0.001155678089708
TEST_0266,0.980383062362671
TEST_0267,0.999009656906128
TEST_0268,0.0003098517423495
TEST_0269,0.9963414192199708
TEST_0270,0.0011661745607852
TEST_0271,0.9909980773925784
TEST_0272,0.001979612931609
TEST_0273,0.982435989379883
TEST_0274,0.0126012086868285
TEST_0275,0.9830400466918944
TEST_0276,0.0022830870002507
TEST_0277,0.1052481889724731
TEST_0278,0.7296669483184814
TEST_0279,0.0013625813648103
TEST_0280,0.9849560260772704
TEST_0281,0.9916966915130616
TEST_0282,0.9963399410247802
TEST_0283,0.0012865165248512
TEST_0284,0.0032367981970309
TEST_0285,0.0049327965825795
TEST_0286,0.9992232322692872
TEST_0287,0.5995762825012206
TEST_0288,0.002839059010148
TEST_0289,0.003209882043302
TEST_0290,0.9849124908447268
TEST_0291,0.9729776859283448
TEST_0292,0.9813530445098876
TEST_0293,0.0044666059315203
TEST_0294,0.0045291583985089
TEST_0295,0.002009231224656
TEST_0296,0.0127021372318267
TEST_0297,0.9934178829193115
TEST_0298,0.0078530427068471
TEST_0299,0.0251947313547133
TEST_0300,0.000653217639774
TEST_0301,0.991488552093506
TEST_0302,0.0053816132247447
TEST_0303,0.0029601784422993
TEST_0304,0.0044925525784492
TEST_0305,0.9911645412445068
TEST_0306,0.9986243724822998
TEST_0307,0.0586947053670882
TEST_0308,0.9523743629455568
TEST_0309,0.9942005157470704
TEST_0310,0.9867784023284912
TEST_0311,0.9937001228332518
TEST_0312,0.999379587173462
TEST_0313,0.9941286087036134
TEST_0314,0.9982303619384764
TEST_0315,0.0007242174353449
TEST_0316,0.0038388883695005
TEST_0317,0.0048541583120822
TEST_0318,0.0143664225935935
TEST_0319,0.9988482475280762
TEST_0320,7.674507796764375e-05
TEST_0321,0.001013664714992
TEST_0322,0.0008633451536297
TEST_0323,4.105136322321772e-05
TEST_0324,0.0515246599912642
TEST_0325,0.998911428451538
TEST_0326,0.0054716933518647
TEST_0327,0.001912442059256
TEST_0328,0.9994155406951906
TEST_0329,0.3864788055419921
TEST_0330,0.020177088677883
TEST_0331,0.941685914993286
TEST_0332,0.0009026738815009
TEST_0333,0.991750717163086
TEST_0334,0.99843544960022
TEST_0335,0.014950568974018
TEST_0336,0.0283187210559844
TEST_0337,0.9965272426605226
TEST_0338,0.9996912956237792
TEST_0339,0.9456414222717286
TEST_0340,0.9916454792022704
TEST_0341,0.9908063411712646
TEST_0342,0.0601091742515564
TEST_0343,0.0026009044609963
TEST_0344,0.0005912657361477
TEST_0345,0.0270443826913833
TEST_0346,0.0001923039555549
TEST_0347,0.9989985942840576
TEST_0348,0.9985130310058594
TEST_0349,0.0064362211152911
TEST_0350,0.9940570354461672
TEST_0351,0.0539725452661513
TEST_0352,0.0638603955507278
TEST_0353,0.981108331680298
TEST_0354,0.0002273066435009
TEST_0355,0.0012659919448196
TEST_0356,0.0011117613874375
TEST_0357,0.0874649465084075
TEST_0358,0.0082249660044908
TEST_0359,0.0007107347249984
TEST_0360,0.0001224404200911
TEST_0361,0.0005162293091416
TEST_0362,0.9982049942016602
TEST_0363,0.0043239252641796
TEST_0364,0.0033054657280444
TEST_0365,0.0106236087158322
TEST_0366,0.0010995721444487
TEST_0367,0.9950438499450684
TEST_0368,0.8702756881713868
TEST_0369,0.057379126548767
TEST_0370,0.9969093799591068
TEST_0371,0.6357090473175049
TEST_0372,0.9990036487579346
TEST_0373,0.0017075191251933
TEST_0374,0.0011526557616889
TEST_0375,0.0004009787691756
TEST_0376,0.9982474327087404
TEST_0377,0.9995105743408204
TEST_0378,0.0565465254709124
TEST_0379,0.9955240726470947
TEST_0380,0.9984582424163818
TEST_0381,0.0014770071022211
TEST_0382,0.0448900952935218
TEST_0383,0.9801924228668212
TEST_0384,0.0011312740854918
TEST_0385,0.1233092248439788
TEST_0386,0.9940374851226808
TEST_0387,0.9632202148437502
TEST_0388,0.0209423057734966
TEST_0389,0.9981262207031252
TEST_0390,0.9995308876037596
TEST_0391,0.0004414970986544
TEST_0392,0.1327467042952775
TEST_0393,0.9928660869598388
TEST_0394,0.1432850049808621
TEST_0395,0.9987175941467286
TEST_0396,0.0460365146398544
TEST_0397,0.0009699420072137
TEST_0398,0.0014779789373278
TEST_0399,0.9826019763946536
TEST_0400,0.9988128185272218
TEST_0401,0.0034918416291474
TEST_0402,0.7187473773956299
TEST_0403,0.9980156898498536
TEST_0404,0.988929271697998
TEST_0405,0.9993867397308348
TEST_0406,0.991225242614746
TEST_0407,0.987959098815918
TEST_0408,0.0030515944585203
TEST_0409,0.0029419984668493
TEST_0410,0.9691562652587892
TEST_0411,0.9983880043029784
TEST_0412,0.998383855819702
TEST_0413,0.8473689079284668
TEST_0414,0.0046570695936679
TEST_0415,0.9995397090911866
TEST_0416,0.9980342864990234
TEST_0417,0.9536983013153076
TEST_0418,0.9947829723358156
TEST_0419,0.9988788127899172
TEST_0420,0.002674336452037
TEST_0421,0.0018532136455178
TEST_0422,0.9960694789886474
TEST_0423,0.98298716545105
TEST_0424,0.910898733139038
TEST_0425,0.1863870292901993
TEST_0426,0.0012884444557129
TEST_0427,0.0069235406816005
TEST_0428,0.0033607207238673
TEST_0429,0.9985217571258544
TEST_0430,0.0011313828639685
TEST_0431,0.0029504492878913
TEST_0432,0.1916155815124511
TEST_0433,0.0052996832877396
TEST_0434,0.0132626572623848
TEST_0435,0.0144356831908225
TEST_0436,0.525296401977539
TEST_0437,0.0022515403106808
TEST_0438,0.0033267844468354
TEST_0439,0.9961429119110108
TEST_0440,0.9980689048767092
TEST_0441,0.002370680682361
TEST_0442,0.985839557647705
TEST_0443,0.9963449478149414
TEST_0444,0.9922226428985598
TEST_0445,0.9994306087493898
TEST_0446,0.9982056617736818
TEST_0447,0.0133353523910045
TEST_0448,0.0078965188004076
TEST_0449,0.9975277423858644
TEST_0450,0.6790240764617921
TEST_0451,0.9842494964599612
TEST_0452,0.9431204319000244
TEST_0453,0.0008039789972826
TEST_0454,0.0025529716163873
TEST_0455,0.0051092429086565
TEST_0456,0.9977971553802488
TEST_0457,0.9497541904449462
TEST_0458,0.99852614402771
TEST_0459,0.0011321957223116
TEST_0460,0.0017100571654736
TEST_0461,0.0103823214769363
TEST_0462,0.0001295304507947
TEST_0463,0.9988113880157472
TEST_0464,0.9498725891113282
TEST_0465,0.0004207069287076
TEST_0466,0.0138762269169092
TEST_0467,0.0010724386200308
TEST_0468,0.0028699472546577
TEST_0469,0.9971503734588624
TEST_0470,0.0002663254737853
TEST_0471,0.0028533203527331
TEST_0472,0.0067539010196923
TEST_0473,0.9789726257324218
TEST_0474,0.0085740417242049
TEST_0475,0.0015052068047225
TEST_0476,0.9948927402496338
TEST_0477,0.9960745811462404
TEST_0478,0.9990741729736328
TEST_0479,0.9812151908874512
TEST_0480,0.990663242340088
TEST_0481,0.9963073253631592
TEST_0482,0.0034590313211083
TEST_0483,0.6771724700927735
TEST_0484,0.0031129401177167
TEST_0485,0.9900333404541016
TEST_0486,0.0132223658263682
TEST_0487,0.0125138640403746
TEST_0488,0.003287624195218
TEST_0489,0.0018115647137164
TEST_0490,0.9975790023803712
TEST_0491,0.997324562072754
TEST_0492,0.9979345798492432
TEST_0493,0.9813272476196288
TEST_0494,0.0017062652856111
TEST_0495,0.0013481340371071
TEST_0496,0.0004178192000835
TEST_0497,0.0009297276847064
TEST_0498,0.0576882809400558
TEST_0499,0.998939895629883
TEST_0500,0.9939231872558594
TEST_0501,0.9796952724456788
TEST_0502,0.0037837750278412
TEST_0503,0.0002946463413535
TEST_0504,0.9133519649505616
TEST_0505,0.9976399421691896
TEST_0506,0.9961430072784424
TEST_0507,0.998587226867676
TEST_0508,0.0077647596597671
TEST_0509,0.9888395309448244
TEST_0510,0.9951031684875488
TEST_0511,0.00568124987185
TEST_0512,0.9990126132965088
TEST_0513,0.0664419662207364
TEST_0514,0.0038435073569416
TEST_0515,0.0008458668366074
TEST_0516,0.998489236831665
TEST_0517,0.0020926276221871
TEST_0518,0.002179997973144
TEST_0519,0.9663646697998048
TEST_0520,0.1553589954972266
TEST_0521,0.0006818344816565
TEST_0522,0.8837426185607911
TEST_0523,0.9594851970672608
TEST_0524,0.0063356980681418
TEST_0525,0.004512783512473
TEST_0526,0.9970472812652588
TEST_0527,0.9762645244598388
TEST_0528,0.0006986230146139
TEST_0529,0.996382761001587
TEST_0530,0.2091067567467689
TEST_0531,0.9944800853729248
TEST_0532,0.001902394928038
TEST_0533,0.995644760131836
TEST_0534,0.0574950102716684
TEST_0535,0.9987895965576172
TEST_0536,0.0054942766204476
TEST_0537,0.0086968421936034
TEST_0538,0.0016799336299299
TEST_0539,0.9939423561096192
TEST_0540,0.5551694869995117
TEST_0541,0.0023336021229624
TEST_0542,0.5709639549255372
TEST_0543,0.0067359685897827
TEST_0544,0.0020087027922272
TEST_0545,0.0188536331057547
TEST_0546,0.9952996730804444
TEST_0547,0.0013562951236963
TEST_0548,0.9966183185577392
TEST_0549,0.9936273574829102
TEST_0550,0.0009067174978553
TEST_0551,0.0024674562737344
TEST_0552,0.0095176719129085
TEST_0553,0.9963316917419434
TEST_0554,0.0022172993049025
TEST_0555,0.639214277267456
TEST_0556,0.9665133476257326
TEST_0557,0.0017193676903843
TEST_0558,0.0020856440067291
TEST_0559,0.0078620672225951
TEST_0560,0.0002128011547028
TEST_0561,0.0002909266157075
TEST_0562,0.9979237079620362
TEST_0563,0.9937971591949464
TEST_0564,0.9972552299499512
TEST_0565,0.0010171663947403
TEST_0566,0.0012797763571142
TEST_0567,0.9837670803070068
TEST_0568,0.0275143891572951
TEST_0569,0.0004388460656627
TEST_0570,0.997575569152832
TEST_0571,0.0003834946779533
TEST_0572,0.0094005271792411
TEST_0573,0.9689041614532472
TEST_0574,0.0013130706734954
TEST_0575,0.0058620367199182
TEST_0576,0.9951776027679444
TEST_0577,0.1229834616184234
TEST_0578,0.6572696685791016
TEST_0579,0.0151930965483188
TEST_0580,0.9757601737976074
TEST_0581,0.0777809172868728
TEST_0582,0.0600450456142425
TEST_0583,0.9974584102630616
TEST_0584,0.987967348098755
TEST_0585,0.9949604988098144
TEST_0586,0.0002723295707254
TEST_0587,0.9919724464416504
TEST_0588,0.9952884197235108
TEST_0589,0.6327568531036378
TEST_0590,0.002863842062652
TEST_0591,0.0012473203241824
TEST_0592,0.9865496635437012
TEST_0593,0.9991254806518556
TEST_0594,0.9955652236938476
TEST_0595,0.9889548301696778
TEST_0596,0.1161542879417538
TEST_0597,0.0038936870172619
TEST_0598,0.997983694076538
TEST_0599,0.992302131652832
TEST_0600,0.9947113037109376
TEST_0601,0.0015564664267003
TEST_0602,0.0155985891819
TEST_0603,0.004276755824685
TEST_0604,0.0006810521241276
TEST_0605,0.9974902153015136
TEST_0606,0.9551463127136232
TEST_0607,0.0012486728839575
TEST_0608,0.0020525142550468
TEST_0609,0.9329678535461426
TEST_0610,0.9317931175231934
TEST_0611,0.0012564812786876
TEST_0612,0.0035576563328504
TEST_0613,0.9941869735717772
TEST_0614,0.968108367919922
TEST_0615,0.98952374458313
TEST_0616,0.9955500602722168
TEST_0617,0.995697021484375
TEST_0618,0.9973888874053956
TEST_0619,0.4163252353668213
TEST_0620,0.0002670380985363
TEST_0621,0.9949691772460938
TEST_0622,0.0003756317775696
TEST_0623,0.9960701465606692
TEST_0624,0.0044042538851498
TEST_0625,0.0015205670148133
TEST_0626,0.9853124618530272
TEST_0627,0.0004408424952998
TEST_0628,0.9970385551452636
TEST_0629,0.9988914489746092
TEST_0630,0.9931199550628664
TEST_0631,0.966639518737793
TEST_0632,0.0078105714172124
TEST_0633,0.0009612201713025
TEST_0634,0.9940345287323
TEST_0635,0.9973699569702148
TEST_0636,0.0062734935432672
TEST_0637,0.010566959157586
TEST_0638,0.9983316898345947
TEST_0639,0.0020369488745927
TEST_0640,0.9695261001586916
TEST_0641,0.0002040072460658
TEST_0642,0.0820653736591338
TEST_0643,0.0660295128822326
TEST_0644,0.0035756370052695
TEST_0645,0.0009707789868115
TEST_0646,0.445815920829773
TEST_0647,0.9992172241210936
TEST_0648,0.9963731765747073
TEST_0649,0.9953214645385744
TEST_0650,0.9922510623931884
TEST_0651,0.0047902069985866
TEST_0652,0.9768675327301026
TEST_0653,0.9885085105895997
TEST_0654,0.9836894035339356
TEST_0655,0.9986273765563966
TEST_0656,0.987716293334961
TEST_0657,0.9969715118408204
TEST_0658,0.997121238708496
TEST_0659,0.0012890452519058
TEST_0660,0.9964550495147706
TEST_0661,0.1826440095901489
TEST_0662,0.9734763622283936
TEST_0663,0.9921373367309572
TEST_0664,0.9944085121154784
TEST_0665,0.0007355405017733
TEST_0666,0.0041248332709073
TEST_0667,0.9977998733520508
TEST_0668,0.0006460434291511
TEST_0669,0.0035233626142143
TEST_0670,0.0001310038031078
TEST_0671,0.9988084316253664
TEST_0672,0.9954102993011475
TEST_0673,0.9987352371215822
TEST_0674,0.9910500526428224
TEST_0675,0.0019127367064356
TEST_0676,0.0005869821179657
TEST_0677,0.0193433918058871
TEST_0678,0.0057767413556575
TEST_0679,0.9785131454467773
TEST_0680,0.0020100845023989
TEST_0681,3.707052528625354e-05
TEST_0682,0.0488823160529136
TEST_0683,0.9955953598022462
TEST_0684,0.0020609523169696
TEST_0685,0.9866947650909424
TEST_0686,0.0038588311523198
TEST_0687,0.064610681682825
TEST_0688,0.9946735858917236
TEST_0689,0.0005238865502178
TEST_0690,0.0113359756767749
TEST_0691,0.9981680870056152
TEST_0692,0.930828619003296
TEST_0693,0.9663948059082031
TEST_0694,0.9979551315307618
TEST_0695,0.9972607612609864
TEST_0696,0.0009259931743144
TEST_0697,0.9979961872100832
TEST_0698,0.040832920372486
TEST_0699,0.2949148654937744
TEST_0700,0.0003263529622926
TEST_0701,0.9992788314819336
TEST_0702,0.9994550704956056
TEST_0703,0.9922579765319826
TEST_0704,0.9405018329620364
TEST_0705,0.9899039268493652
TEST_0706,0.9989286899566652
TEST_0707,0.0027692919597028
TEST_0708,0.0288078762590884
TEST_0709,0.99787278175354
TEST_0710,0.9831626415252686
TEST_0711,0.9987326622009276
TEST_0712,0.9965041637420656
TEST_0713,0.002547057904303
TEST_0714,0.0342216994613408
TEST_0715,0.0777666330337524
TEST_0716,0.0005015132948755
TEST_0717,0.0007330403663217
TEST_0718,0.9163025856018068
TEST_0719,0.9925876617431644
TEST_0720,0.0051892286166548
TEST_0721,0.997862148284912
TEST_0722,0.0020152118057012
TEST_0723,0.989853858947754
TEST_0724,0.0340676334220916
TEST_0725,0.0029465103521942
TEST_0726,0.0586220443248748
TEST_0727,0.0043529469519853
TEST_0728,0.001403534412384
TEST_0729,0.0017658919095992
TEST_0730,0.0202235273085534
TEST_0731,0.0017436502501368
TEST_0732,0.0033817261457443
TEST_0733,0.997477149963379
TEST_0734,0.9997171878814698
TEST_0735,0.9938623428344726
TEST_0736,0.980941343307495
TEST_0737,0.9956692695617676
TEST_0738,0.0018246863037347
TEST_0739,0.9950876235961914
TEST_0740,0.0006080660503357
TEST_0741,0.9574518203735352
TEST_0742,0.9949577808380128
TEST_0743,0.997032642364502
TEST_0744,0.973257875442505
TEST_0745,0.0064064599573612
TEST_0746,0.9830814838409424
TEST_0747,0.9991384983062744
TEST_0748,0.9500838279724124
TEST_0749,0.9977196693420408
TEST_0750,0.9984762191772462
TEST_0751,0.9848821640014648
TEST_0752,0.986609172821045
TEST_0753,0.995847511291504
TEST_0754,0.0118267953395842
TEST_0755,0.996308708190918
TEST_0756,0.9961415767669676
TEST_0757,0.0582602679729461
TEST_0758,0.9991494655609132
TEST_0759,0.0056482158601283
TEST_0760,0.9254136562347413
TEST_0761,0.0598420415073632
TEST_0762,0.998684549331665
TEST_0763,0.0102549940347671
TEST_0764,0.9935330867767336
TEST_0765,0.994111967086792
TEST_0766,0.9963730812072754
TEST_0767,0.0001057857938575
TEST_0768,0.99505090713501
TEST_0769,0.9779563903808594
TEST_0770,0.001367788389325
TEST_0771,0.9873404502868656
TEST_0772,0.0027400808408855
TEST_0773,0.1671113371849059
TEST_0774,0.0023351943120359
TEST_0775,0.0021391082555055
TEST_0776,0.9987767696380616
TEST_0777,0.9969598293304444
TEST_0778,0.0033660082146525
TEST_0779,0.0008596802596002
TEST_0780,0.9967627048492432
TEST_0781,0.9976755142211912
TEST_0782,0.9980646133422852
TEST_0783,0.0150056570768355
TEST_0784,0.9255177974700928
TEST_0785,0.0110829785466193
TEST_0786,0.0010218830779194
TEST_0787,0.987202835083008
TEST_0788,0.9957221984863284
TEST_0789,0.1018096610903739
TEST_0790,0.1702479486353695
TEST_0791,0.9981367111206056
TEST_0792,0.9969862937927249
TEST_0793,0.9547924518585206
TEST_0794,0.998101806640625
TEST_0795,0.9976274967193604
TEST_0796,0.9991603374481202
TEST_0797,0.9946687698364258
TEST_0798,0.9777217388153076
TEST_0799,0.7958968162536622
TEST_0800,0.9943293094635012
TEST_0801,0.9966755390167236
TEST_0802,0.9985778331756592
TEST_0803,0.9985241413116456
TEST_0804,0.9984287261962892
TEST_0805,0.0090908013284205
TEST_0806,0.0006323903799056
TEST_0807,0.9492698669433596
TEST_0808,0.0036407697945832
TEST_0809,0.0008140224497764
TEST_0810,0.3647937417030334
TEST_0811,0.9939459323883056
TEST_0812,0.0040507424622773
TEST_0813,0.9980544567108154
TEST_0814,0.9976871967315676
TEST_0815,0.985854196548462
TEST_0816,0.9951497077941897
TEST_0817,0.9960691928863528
TEST_0818,0.994588851928711
TEST_0819,0.0001316547277382
TEST_0820,0.999139165878296
TEST_0821,0.0074869208037852
TEST_0822,0.9990530490875246
TEST_0823,0.9876307487487792
TEST_0824,0.9750661849975586
TEST_0825,0.4586661338806152
TEST_0826,0.9988965034484864
TEST_0827,0.863938856124878
TEST_0828,0.002221811749041
TEST_0829,0.0706627234816551
TEST_0830,0.9912641525268554
TEST_0831,0.000283483765088
TEST_0832,0.9940595149993898
TEST_0833,0.999615001678467
TEST_0834,0.00162555584684
TEST_0835,0.0045886670239269
TEST_0836,0.9967714309692384
TEST_0837,0.000159306905698
TEST_0838,0.9907689094543456
TEST_0839,0.9970143795013428
TEST_0840,0.999458694458008
TEST_0841,0.9938770771026612
TEST_0842,0.9935597419738772
TEST_0843,0.9990364074707032
TEST_0844,0.0130302431061863
TEST_0845,0.9926555156707764
TEST_0846,0.996732187271118
TEST_0847,0.9968565940856936
TEST_0848,0.0013761092908679
TEST_0849,0.9978810787200928
TEST_0850,0.0016292704269289
TEST_0851,0.0224404945969581
TEST_0852,0.9869233608245852
TEST_0853,0.9989599227905276
TEST_0854,0.0003779857652261
TEST_0855,0.0009850768372415
TEST_0856,0.0846113074570893
TEST_0857,0.9981266975402832
TEST_0858,0.0644161209464072
TEST_0859,0.9714132308959964
TEST_0860,0.9944353103637698
TEST_0861,0.0143878666684031
TEST_0862,0.0178215339779853
TEST_0863,0.0007419713307171
TEST_0864,0.9930697441101076
TEST_0865,0.0045630300417541
TEST_0866,0.976571035385132
TEST_0867,0.9887901782989502
TEST_0868,0.0088087998330592
TEST_0869,0.0032064627856015
TEST_0870,0.001426095701754
TEST_0871,0.9930793762207032
TEST_0872,0.0025504359975456
TEST_0873,0.988718318939209
TEST_0874,0.9967003345489502
TEST_0875,0.9954597473144532
TEST_0876,0.9886652469635012
TEST_0877,0.0011762398295103
TEST_0878,0.9985759735107422
TEST_0879,0.2047523498535156
TEST_0880,0.000411934335716
TEST_0881,0.0145126819610594
TEST_0882,0.9882416248321534
TEST_0883,0.0070673912763595
TEST_0884,0.0037834547460079
TEST_0885,0.9975877285003664
TEST_0886,0.0018145749345421
TEST_0887,0.990185546875
TEST_0888,0.0004267778480425
TEST_0889,0.9999832153320314
TEST_0890,0.0001586021622642
TEST_0891,0.9985498905181884
TEST_0892,0.9976306915283204
TEST_0893,0.991180181503296
TEST_0894,0.0056227284483611
TEST_0895,0.996317720413208
TEST_0896,0.0033777968958019
TEST_0897,0.9939408779144288
TEST_0898,0.0035895561799406
TEST_0899,0.0012182011734693
TEST_0900,0.9559779167175294
TEST_0901,0.9934090614318848
TEST_0902,0.998777437210083
TEST_0903,0.0475883692502975
TEST_0904,0.0020724166184663
TEST_0905,0.0007970600388943
TEST_0906,0.9971234321594238
TEST_0907,0.997708511352539
TEST_0908,0.3630230903625489
TEST_0909,0.9623846530914308
TEST_0910,0.6553202629089356
TEST_0911,0.99454665184021
TEST_0912,0.990816688537598
TEST_0913,0.0005248660454526
TEST_0914,0.9902802467346192
TEST_0915,0.001168475113809
TEST_0916,0.0032250154763459
TEST_0917,0.9998671531677246
TEST_0918,0.9951666831970216
TEST_0919,0.994885778427124
TEST_0920,0.0007496281526982
TEST_0921,0.0130663037300109
TEST_0922,0.0019102917052805
TEST_0923,0.9880059719085692
TEST_0924,0.9947129726409912
TEST_0925,0.0022306576371192
TEST_0926,0.0024246430024504
TEST_0927,0.1783270156010984
TEST_0928,0.0005646406672894
TEST_0929,0.000384204974398
TEST_0930,0.9900636196136474
TEST_0931,0.99298210144043
TEST_0932,0.0021537063643336
TEST_0933,0.9743424892425536
TEST_0934,0.0004957975354045
TEST_0935,0.0463553257286548
TEST_0936,0.0048519629985093
TEST_0937,0.9924866199493408
TEST_0938,0.0003001326927914
TEST_0939,0.0687164783477782
TEST_0940,0.0014379736967384
TEST_0941,0.997492504119873
TEST_0942,0.9013898849487304
TEST_0943,0.0002074271673335
TEST_0944,0.9990079879760744
TEST_0945,0.9990426063537596
TEST_0946,0.9986924171447754
TEST_0947,0.9992167472839356
TEST_0948,0.9921916961669922
TEST_0949,0.0005618124734609
TEST_0950,0.9962590694427492
TEST_0951,0.9975893020629883
TEST_0952,0.628589391708374
TEST_0953,0.9819559574127196
TEST_0954,0.0425636321306228
TEST_0955,0.9978423595428468
TEST_0956,0.996014976501465
TEST_0957,0.0039779938757419
TEST_0958,0.9787925720214844
TEST_0959,0.974205446243286
TEST_0960,0.0002379421144723
TEST_0961,0.0010182824451476
TEST_0962,8.550307829862402e-05
TEST_0963,0.9980757713317872
TEST_0964,0.999096727371216
TEST_0965,0.0024818809702992
TEST_0966,0.0046975020319222
TEST_0967,0.0033355489373206
TEST_0968,0.0001117884065024
TEST_0969,9.70946624875e-05
TEST_0970,0.0002470516134052
TEST_0971,0.9718368530273436
TEST_0972,0.0014980349689721
TEST_0973,0.0005097421817481
TEST_0974,0.9946988105773926
TEST_0975,0.0005849375389515
TEST_0976,0.9942801475524904
TEST_0977,0.0026733316481112
TEST_0978,0.9993234634399416
TEST_0979,0.0077612258493899
TEST_0980,0.9891752243041992
TEST_0981,0.0035423826426267
TEST_0982,0.9882477283477782
TEST_0983,0.9888431072235108
TEST_0984,0.0010068549774586
TEST_0985,0.001946012303233
TEST_0986,0.0045777868479489
TEST_0987,0.0012513217050581
TEST_0988,0.0070385159924625
TEST_0989,0.0005926969926803
TEST_0990,0.0013073253445327
TEST_0991,0.1745229631662369
TEST_0992,0.9941453933715824
TEST_0993,0.0020833747461437
TEST_0994,0.9976819992065432
TEST_0995,0.180829918384552
TEST_0996,0.0015248881652951
TEST_0997,0.0139027863740921
TEST_0998,0.9984532833099368
TEST_0999,0.0092532254755496
TEST_1000,0.0001655024825594
