id,abnormal_prob,major4_prob
TEST_0001,0.0001422855129931122,0.9998577144870069
TEST_0002,5.374504326027818e-05,0.9999462549567397
TEST_0003,0.0001164813365903683,0.9998835186634096
TEST_0004,6.705374107696116e-05,0.999932946258923
TEST_0005,0.02416778728365898,0.975832212716341
TEST_0006,0.0005537222605198622,0.9994462777394801
TEST_0007,1.6208681699936278e-05,0.9999837913183001
TEST_0008,0.01984521560370922,0.9801547843962908
TEST_0009,0.000843532441649586,0.9991564675583504
TEST_0010,4.310595249990001e-05,0.9999568940475001
TEST_0011,0.019931619986891747,0.9800683800131083
TEST_0012,1.2437836630851962e-05,0.9999875621633691
TEST_0013,0.0004341652966104448,0.9995658347033896
TEST_0014,0.00046863866737112403,0.9995313613326289
TEST_0015,5.51907614863012e-05,0.9999448092385137
TEST_0016,0.003430488985031843,0.9965695110149682
TEST_0017,0.0005375129985623062,0.9994624870014377
TEST_0018,0.0001570260792504996,0.9998429739207495
TEST_0019,7.85449956310913e-05,0.9999214550043689
TEST_0020,5.99907580181025e-05,0.9999400092419819
TEST_0021,0.0017048896988853812,0.9982951103011146
TEST_0022,3.681680391309783e-05,0.9999631831960869
TEST_0023,0.020528627559542656,0.9794713724404573
TEST_0024,0.002876786980777979,0.997123213019222
TEST_0025,0.0005473874625749886,0.999452612537425
TEST_0026,0.018034575507044792,0.9819654244929552
TEST_0027,5.656780194840394e-05,0.9999434321980516
TEST_0028,0.014112564735114574,0.9858874352648854
TEST_0029,0.0053951069712638855,0.9946048930287361
TEST_0030,4.5086238969815895e-05,0.9999549137610302
TEST_0031,4.107742279302329e-05,0.999958922577207
TEST_0032,0.000327021989505738,0.9996729780104943
TEST_0033,0.010983000509440899,0.9890169994905591
TEST_0034,0.08283907920122147,0.9171609207987785
TEST_0035,6.365674926200882e-05,0.999936343250738
TEST_0036,4.425544466357678e-05,0.9999557445553364
TEST_0037,6.8046705564484e-05,0.9999319532944355
TEST_0038,0.00783179048448801,0.992168209515512
TEST_0039,0.0003520594909787178,0.9996479405090213
TEST_0040,0.024387618526816368,0.9756123814731836
TEST_0041,0.02485922910273075,0.9751407708972692
TEST_0042,3.297094372101128e-05,0.999967029056279
TEST_0043,0.01774721033871174,0.9822527896612883
TEST_0044,0.00035431605647318065,0.9996456839435268
TEST_0045,5.221630635787733e-05,0.9999477836936421
TEST_0046,0.0004389325331430882,0.9995610674668569
TEST_0047,0.0003757789672818035,0.9996242210327182
TEST_0048,0.008982719853520393,0.9910172801464796
TEST_0049,0.026510098949074745,0.9734899010509253
TEST_0050,8.724986400920898e-05,0.9999127501359908
TEST_0051,1.6337364286300726e-05,0.9999836626357137
TEST_0052,6.1004779126960784e-05,0.999938995220873
TEST_0053,0.00015405428712256253,0.9998459457128774
TEST_0054,2.9575670851045288e-05,0.999970424329149
TEST_0055,2.7432266506366432e-05,0.9999725677334936
TEST_0056,0.013087667524814606,0.9869123324751854
TEST_0057,0.0004318302671890706,0.9995681697328109
TEST_0058,0.000306423578877002,0.999693576421123
TEST_0059,5.4743217333452776e-05,0.9999452567826665
TEST_0060,8.029653690755367e-05,0.9999197034630924
TEST_0061,0.02129744179546833,0.9787025582045317
TEST_0062,0.0005158173153176904,0.9994841826846823
TEST_0063,0.002371214795857668,0.9976287852041423
TEST_0064,4.3954300053883344e-05,0.9999560456999461
TEST_0065,0.00042613735422492027,0.9995738626457751
TEST_0066,0.0003739248204510659,0.9996260751795489
TEST_0067,0.001668497920036316,0.9983315020799637
TEST_0068,0.005138253327459097,0.9948617466725409
TEST_0069,4.8325360694434494e-05,0.9999516746393056
TEST_0070,0.010187413543462753,0.9898125864565372
TEST_0071,0.02413318306207657,0.9758668169379234
TEST_0072,0.0019109525019302964,0.9980890474980697
TEST_0073,5.24805836903397e-05,0.9999475194163097
TEST_0074,0.0007538921781815588,0.9992461078218184
TEST_0075,0.00041359910392202437,0.999586400896078
TEST_0076,0.0001355915010208264,0.9998644084989792
TEST_0077,0.0003634024178609252,0.9996365975821391
TEST_0078,0.019904764369130135,0.9800952356308699
TEST_0079,0.007100007496774197,0.9928999925032258
TEST_0080,1.0083803317684215e-05,0.9999899161966823
TEST_0081,0.00010606149589875713,0.9998939385041012
TEST_0082,6.198940536705777e-05,0.9999380105946329
TEST_0083,3.715047932928428e-05,0.9999628495206707
TEST_0084,0.01487310603260994,0.9851268939673901
TEST_0085,0.00013658327225130051,0.9998634167277487
TEST_0086,0.30443596839904785,0.6955640316009521
TEST_0087,0.08251234889030457,0.9174876511096954
TEST_0088,1.685219831415452e-05,0.9999831478016858
TEST_0089,0.6669272780418396,0.3330727219581604
TEST_0090,0.0005461460677906871,0.9994538539322093
TEST_0091,4.124683982809074e-05,0.9999587531601719
TEST_0092,0.017039550468325615,0.9829604495316744
TEST_0093,0.0024527667555958033,0.9975472332444042
TEST_0094,0.00035386745003052056,0.9996461325499695
TEST_0095,0.00039548188215121627,0.9996045181178488
TEST_0096,1.843974314397201e-05,0.999981560256856
TEST_0097,0.00039298192132264376,0.9996070180786774
TEST_0098,2.110052628268022e-05,0.9999788994737173
TEST_0099,0.00036579117295332253,0.9996342088270467
TEST_0100,0.005292404908686876,0.9947075950913131
TEST_0101,0.009591811336576939,0.9904081886634231
TEST_0102,6.181791832204908e-05,0.999938182081678
TEST_0103,0.016911210492253304,0.9830887895077467
TEST_0104,0.00011243388144066557,0.9998875661185593
TEST_0105,0.0003846061881631613,0.9996153938118368
TEST_0106,0.021573353558778763,0.9784266464412212
TEST_0107,0.9704233407974243,0.029576659202575684
TEST_0108,6.50266811135225e-05,0.9999349733188865
TEST_0109,0.0003700119850691408,0.9996299880149309
TEST_0110,7.593734335387126e-05,0.9999240626566461
TEST_0111,0.9452799558639526,0.05472004413604736
TEST_0112,1.4104513866186608e-05,0.9999858954861338
TEST_0113,0.011899884790182114,0.9881001152098179
TEST_0114,0.012302204966545105,0.9876977950334549
TEST_0115,5.9953359595965594e-05,0.999940046640404
TEST_0116,4.377759978524409e-05,0.9999562224002148
TEST_0117,4.01392208004836e-05,0.9999598607791995
TEST_0118,0.0060144695453345776,0.9939855304546654
TEST_0119,8.063119821599685e-06,0.9999919368801784
TEST_0120,0.02325565181672573,0.9767443481832743
TEST_0121,0.012819608673453331,0.9871803913265467
TEST_0122,3.9314156310865656e-05,0.9999606858436891
TEST_0123,0.00036379133234731853,0.9996362086676527
TEST_0124,0.0005140914581716061,0.9994859085418284
TEST_0125,0.023281918838620186,0.9767180811613798
TEST_0126,0.9541907906532288,0.04580920934677124
TEST_0127,0.021127864718437195,0.9788721352815628
TEST_0128,7.590179302496836e-05,0.999924098206975
TEST_0129,0.00020050705643370748,0.9997994929435663
TEST_0130,5.645732380799018e-05,0.999943542676192
TEST_0131,0.0006077462458051741,0.9993922537541948
TEST_0132,0.001128603471443057,0.9988713965285569
TEST_0133,4.379726669867523e-05,0.9999562027333013
TEST_0134,0.008299102075397968,0.991700897924602
TEST_0135,0.00014427183486986905,0.9998557281651301
TEST_0136,3.0113405955489725e-05,0.9999698865940445
TEST_0137,2.1060079234302975e-05,0.9999789399207657
TEST_0138,0.015333437360823154,0.9846665626391768
TEST_0139,0.019291697070002556,0.9807083029299974
TEST_0140,0.029586801305413246,0.9704131986945868
TEST_0141,0.00018166631343774498,0.9998183336865623
TEST_0142,5.436220453702845e-05,0.999945637795463
TEST_0143,0.0005750497803092003,0.9994249502196908
TEST_0144,4.627758971764706e-05,0.9999537224102824
TEST_0145,0.0007097982452251017,0.9992902017547749
TEST_0146,0.003123439382761717,0.9968765606172383
TEST_0147,0.000802724389359355,0.9991972756106406
TEST_0148,0.010582653805613518,0.9894173461943865
TEST_0149,2.003829285968095e-05,0.9999799617071403
TEST_0150,0.00039495082455687225,0.9996050491754431
TEST_0151,0.00017025215493049473,0.9998297478450695
TEST_0152,8.289769175462425e-05,0.9999171023082454
TEST_0153,0.02884071320295334,0.9711592867970467
TEST_0154,0.00022118932974990457,0.9997788106702501
TEST_0155,0.0004244765150360763,0.9995755234849639
TEST_0156,0.011903935112059116,0.9880960648879409
TEST_0157,0.0004854687722399831,0.99951453122776
TEST_0158,5.482372944243252e-05,0.9999451762705576
TEST_0159,0.0003044292388949543,0.999695570761105
TEST_0160,0.011986534111201763,0.9880134658887982
TEST_0161,0.0003563350182957947,0.9996436649817042
TEST_0162,7.047859253361821e-05,0.9999295214074664
TEST_0163,0.00041664400487206876,0.9995833559951279
TEST_0164,6.372519419528544e-05,0.9999362748058047
TEST_0165,0.014172918163239956,0.98582708183676
TEST_0166,6.55225376249291e-05,0.9999344774623751
TEST_0167,0.00010494230082258582,0.9998950576991774
TEST_0168,4.051193536724895e-05,0.9999594880646328
TEST_0169,0.026972796767950058,0.9730272032320499
TEST_0170,4.112273018108681e-05,0.9999588772698189
TEST_0171,0.02065283991396427,0.9793471600860357
TEST_0172,0.34489017724990845,0.6551098227500916
TEST_0173,0.025803634896874428,0.9741963651031256
TEST_0174,0.005464877467602491,0.9945351225323975
TEST_0175,0.00027511853841133416,0.9997248814615887
TEST_0176,0.00041236329707317054,0.9995876367029268
TEST_0177,5.7505320000927895e-05,0.9999424946799991
TEST_0178,5.524715379578993e-05,0.9999447528462042
TEST_0179,0.00035006130929104984,0.999649938690709
TEST_0180,7.802363688824698e-05,0.9999219763631118
TEST_0181,0.9277604818344116,0.07223951816558838
TEST_0182,0.0015157019952312112,0.9984842980047688
TEST_0183,0.021083980798721313,0.9789160192012787
TEST_0184,0.003575528971850872,0.9964244710281491
TEST_0185,0.012434806674718857,0.9875651933252811
TEST_0186,0.00010659655526978895,0.9998934034447302
TEST_0187,8.292226993944496e-05,0.9999170777300606
TEST_0188,4.6021814341656864e-05,0.9999539781856583
TEST_0189,0.00047843859647400677,0.999521561403526
TEST_0190,0.00010126716369995847,0.9998987328363
TEST_0191,0.00040289925527758896,0.9995971007447224
TEST_0192,0.0002580964646767825,0.9997419035353232
TEST_0193,1.1230609743506648e-05,0.9999887693902565
TEST_0194,0.025143491104245186,0.9748565088957548
TEST_0195,0.00014138614642433822,0.9998586138535757
TEST_0196,0.00043860296136699617,0.999561397038633
TEST_0197,2.1353216652642004e-05,0.9999786467833474
TEST_0198,2.7432395654614083e-05,0.9999725676043454
TEST_0199,0.0004872884601354599,0.9995127115398645
TEST_0200,0.0008689371752552688,0.9991310628247447
TEST_0201,4.756030466523953e-05,0.9999524396953348
TEST_0202,0.0013246065936982632,0.9986753934063017
TEST_0203,0.004667341709136963,0.995332658290863
TEST_0204,7.835822543711402e-06,0.9999921641774563
TEST_0205,0.016563130542635918,0.9834368694573641
TEST_0206,3.45944135915488e-05,0.9999654055864085
TEST_0207,0.019739389419555664,0.9802606105804443
TEST_0208,8.140482532326132e-05,0.9999185951746767
TEST_0209,0.001511626411229372,0.9984883735887706
TEST_0210,0.00043720746180042624,0.9995627925381996
TEST_0211,1.8184155123890378e-05,0.9999818158448761
TEST_0212,7.886810635682195e-05,0.9999211318936432
TEST_0213,1.465824152546702e-05,0.9999853417584745
TEST_0214,0.00045545047032646835,0.9995445495296735
TEST_0215,0.01582305319607258,0.9841769468039274
TEST_0216,1.7448161088395864e-05,0.9999825518389116
TEST_0217,0.008892758749425411,0.9911072412505746
TEST_0218,0.00010010514233727008,0.9998998948576627
TEST_0219,5.7074274081969634e-05,0.999942925725918
TEST_0220,0.00024273314920719713,0.9997572668507928
TEST_0221,0.014344261959195137,0.9856557380408049
TEST_0222,0.022939221933484077,0.9770607780665159
TEST_0223,2.8365911930450238e-05,0.9999716340880695
TEST_0224,4.8028570745373145e-05,0.9999519714292546
TEST_0225,0.012718324549496174,0.9872816754505038
TEST_0226,3.5112341720378026e-05,0.9999648876582796
TEST_0227,0.06257659941911697,0.937423400580883
TEST_0228,1.1642663594102487e-05,0.9999883573364059
TEST_0229,0.0018894793465733528,0.9981105206534266
TEST_0230,7.729850040050223e-06,0.99999227014996
TEST_0231,0.000373629096429795,0.9996263709035702
TEST_0232,0.009646052494645119,0.9903539475053549
TEST_0233,0.0025726305320858955,0.9974273694679141
TEST_0234,0.0019024243811145425,0.9980975756188855
TEST_0235,0.02315542660653591,0.9768445733934641
TEST_0236,0.023146096616983414,0.9768539033830166
TEST_0237,1.622349736862816e-05,0.9999837765026314
TEST_0238,0.008780407719314098,0.9912195922806859
TEST_0239,0.02396523579955101,0.976034764200449
TEST_0240,6.129553366918117e-05,0.9999387044663308
TEST_0241,0.0002984042221214622,0.9997015957778785
TEST_0242,0.0003843670419882983,0.9996156329580117
TEST_0243,0.004031418822705746,0.9959685811772943
TEST_0244,0.00023357706959359348,0.9997664229304064
TEST_0245,6.36225231573917e-05,0.9999363774768426
TEST_0246,4.528691351879388e-05,0.9999547130864812
TEST_0247,0.02721673995256424,0.9727832600474358
TEST_0248,0.015616078861057758,0.9843839211389422
TEST_0249,0.00033269557752646506,0.9996673044224735
TEST_0250,1.1579922102100682e-05,0.9999884200778979
TEST_0251,3.4203487302875146e-05,0.9999657965126971
TEST_0252,0.009363529272377491,0.9906364707276225
TEST_0253,5.7108623877866194e-05,0.9999428913761221
TEST_0254,0.00033226891537196934,0.999667731084628
TEST_0255,1.8397306121187285e-05,0.9999816026938788
TEST_0256,0.007984669879078865,0.9920153301209211
TEST_0257,2.78697789326543e-05,0.9999721302210673
TEST_0258,0.012737569399178028,0.987262430600822
TEST_0259,0.0927901640534401,0.9072098359465599
TEST_0260,4.722631274489686e-05,0.9999527736872551
TEST_0261,2.8677099180640653e-05,0.9999713229008194
TEST_0262,0.00026835614698939025,0.9997316438530106
TEST_0263,4.919280399917625e-05,0.9999508071960008
TEST_0264,9.851947834249586e-05,0.9999014805216575
TEST_0265,0.029979778453707695,0.9700202215462923
TEST_0266,0.0001317213027505204,0.9998682786972495
TEST_0267,0.00010232395288767293,0.9998976760471123
TEST_0268,3.0184248316800222e-05,0.9999698157516832
TEST_0269,0.009715705178678036,0.990284294821322
TEST_0270,0.021529607474803925,0.9784703925251961
TEST_0271,0.015169952064752579,0.9848300479352474
TEST_0272,5.2356313972268254e-05,0.9999476436860277
TEST_0273,8.044583955779672e-05,0.9999195541604422
TEST_0274,0.0004052402509842068,0.9995947597490158
TEST_0275,0.02134486474096775,0.9786551352590322
TEST_0276,7.576620555482805e-05,0.9999242337944452
TEST_0277,0.000830913195386529,0.9991690868046135
TEST_0278,0.0004750570806208998,0.9995249429193791
TEST_0279,0.01620304025709629,0.9837969597429037
TEST_0280,1.094612707674969e-05,0.9999890538729233
TEST_0281,0.025497321039438248,0.9745026789605618
TEST_0282,0.00014383885718416423,0.9998561611428158
TEST_0283,2.956884964078199e-05,0.9999704311503592
TEST_0284,4.7787070798221976e-05,0.9999522129292018
TEST_0285,0.024905409663915634,0.9750945903360844
TEST_0286,0.0001827169762691483,0.9998172830237309
TEST_0287,0.0002656709111761302,0.9997343290888239
TEST_0288,4.589685704559088e-05,0.9999541031429544
TEST_0289,0.03055741637945175,0.9694425836205482
TEST_0290,9.05906708794646e-05,0.9999094093291205
TEST_0291,0.006756740156561136,0.9932432598434389
TEST_0292,0.06736349314451218,0.9326365068554878
TEST_0293,0.0003633047454059124,0.9996366952545941
TEST_0294,0.020745743066072464,0.9792542569339275
TEST_0295,4.595607242663391e-05,0.9999540439275734
TEST_0296,3.703926267917268e-05,0.9999629607373208
TEST_0297,0.01176727470010519,0.9882327252998948
TEST_0298,0.0007021607016213238,0.9992978392983787
TEST_0299,4.8384063120465726e-05,0.9999516159368795
TEST_0300,3.351736449985765e-05,0.9999664826355001
TEST_0301,0.008934685960412025,0.991065314039588
TEST_0302,9.812270582187921e-05,0.9999018772941781
TEST_0303,0.0005706360097974539,0.9994293639902025
TEST_0304,6.962341285543516e-05,0.9999303765871446
TEST_0305,0.00021443191508296877,0.999785568084917
TEST_0306,8.58329440234229e-05,0.9999141670559766
TEST_0307,0.00031587056582793593,0.9996841294341721
TEST_0308,0.04060938209295273,0.9593906179070473
TEST_0309,0.00028058228781446815,0.9997194177121855
TEST_0310,2.5613637262722477e-05,0.9999743863627373
TEST_0311,1.786945722415112e-05,0.9999821305427758
TEST_0312,0.0041280281729996204,0.9958719718270004
TEST_0313,4.739703581435606e-05,0.9999526029641856
TEST_0314,4.772267857333645e-05,0.9999522773214267
TEST_0315,3.0381053875316866e-05,0.9999696189461247
TEST_0316,5.842014434165321e-05,0.9999415798556583
TEST_0317,0.02754209376871586,0.9724579062312841
TEST_0318,0.00020725076319649816,0.9997927492368035
TEST_0319,0.0005079187685623765,0.9994920812314376
TEST_0320,2.7474809030536562e-05,0.9999725251909695
TEST_0321,5.14926687174011e-05,0.9999485073312826
TEST_0322,0.007680001202970743,0.9923199987970293
TEST_0323,1.6658726963214576e-05,0.9999833412730368
TEST_0324,0.023545626550912857,0.9764543734490871
TEST_0325,5.1528477342799306e-05,0.9999484715226572
TEST_0326,0.015131758525967598,0.9848682414740324
TEST_0327,6.436746480176225e-05,0.9999356325351982
TEST_0328,0.0015165277291089296,0.9984834722708911
TEST_0329,0.009676392190158367,0.9903236078098416
TEST_0330,0.020751159638166428,0.9792488403618336
TEST_0331,0.00033268448896706104,0.9996673155110329
TEST_0332,4.324260225985199e-05,0.9999567573977401
TEST_0333,0.0019506104290485382,0.9980493895709515
TEST_0334,0.00043958029709756374,0.9995604197029024
TEST_0335,6.491081876447424e-05,0.9999350891812355
TEST_0336,1.5463552699657157e-05,0.9999845364473003
TEST_0337,0.08323495835065842,0.9167650416493416
TEST_0338,0.803068220615387,0.19693177938461304
TEST_0339,0.0004149477754253894,0.9995850522245746
TEST_0340,7.980917871464044e-06,0.9999920190821285
TEST_0341,0.001545356004498899,0.9984546439955011
TEST_0342,1.9907365640392527e-05,0.9999800926343596
TEST_0343,0.01694062352180481,0.9830593764781952
TEST_0344,4.1053022869164124e-05,0.9999589469771308
TEST_0345,0.022621342912316322,0.9773786570876837
TEST_0346,2.321761530765798e-05,0.9999767823846923
TEST_0347,0.0005530350608751178,0.9994469649391249
TEST_0348,0.00019732365035451949,0.9998026763496455
TEST_0349,0.022801801562309265,0.9771981984376907
TEST_0350,0.00024122153990902007,0.999758778460091
TEST_0351,4.7946974518708885e-05,0.9999520530254813
TEST_0352,0.02077770046889782,0.9792222995311022
TEST_0353,6.851290527265519e-05,0.9999314870947273
TEST_0354,0.00019555272592697293,0.999804447274073
TEST_0355,3.586957973311655e-05,0.9999641304202669
TEST_0356,0.021010523661971092,0.9789894763380289
TEST_0357,0.0382244735956192,0.9617755264043808
TEST_0358,0.0004001788329333067,0.9995998211670667
TEST_0359,0.01842007040977478,0.9815799295902252
TEST_0360,5.860087549081072e-05,0.9999413991245092
TEST_0361,2.953140028694179e-05,0.9999704685997131
TEST_0362,0.010413354262709618,0.9895866457372904
TEST_0363,0.0003733673947863281,0.9996266326052137
TEST_0364,0.0004863497451879084,0.9995136502548121
TEST_0365,0.020827772095799446,0.9791722279042006
TEST_0366,0.00025423444458283484,0.9997457655554172
TEST_0367,0.01517722848802805,0.984822771511972
TEST_0368,0.0002890894829761237,0.9997109105170239
TEST_0369,0.03697725385427475,0.9630227461457253
TEST_0370,0.009743242524564266,0.9902567574754357
TEST_0371,5.0281680159969255e-05,0.99994971831984
TEST_0372,0.00024175569706130773,0.9997582443029387
TEST_0373,0.01237731333822012,0.9876226866617799
TEST_0374,3.000035576405935e-05,0.9999699996442359
TEST_0375,3.644314347184263e-05,0.9999635568565282
TEST_0376,0.13130731880664825,0.8686926811933517
TEST_0377,0.03301595523953438,0.9669840447604656
TEST_0378,0.02675003744661808,0.9732499625533819
TEST_0379,0.00016902899369597435,0.999830971006304
TEST_0380,0.0005664508789777756,0.9994335491210222
TEST_0381,4.871843702858314e-05,0.9999512815629714
TEST_0382,0.00043551178532652557,0.9995644882146735
TEST_0383,0.0011848023859784007,0.9988151976140216
TEST_0384,0.000382404716219753,0.9996175952837802
TEST_0385,6.641873915214092e-05,0.9999335812608479
TEST_0386,0.009030953980982304,0.9909690460190177
TEST_0387,0.05507950857281685,0.9449204914271832
TEST_0388,0.0002779946371447295,0.9997220053628553
TEST_0389,0.014191466383635998,0.985808533616364
TEST_0390,0.00035472941817715764,0.9996452705818228
TEST_0391,0.02142934314906597,0.978570656850934
TEST_0392,0.019820868968963623,0.9801791310310364
TEST_0393,0.0106660732999444,0.9893339267000556
TEST_0394,0.0004459732153918594,0.9995540267846081
TEST_0395,5.361103467294015e-05,0.9999463889653271
TEST_0396,0.0003262133395764977,0.9996737866604235
TEST_0397,4.074272874277085e-05,0.9999592572712572
TEST_0398,4.343283217167482e-05,0.9999565671678283
TEST_0399,0.010892962105572224,0.9891070378944278
TEST_0400,0.013419394381344318,0.9865806056186557
TEST_0401,0.017224082723259926,0.9827759172767401
TEST_0402,0.0012759586097672582,0.9987240413902327
TEST_0403,0.0014102738350629807,0.998589726164937
TEST_0404,0.006495106499642134,0.9935048935003579
TEST_0405,5.9593450714601204e-05,0.9999404065492854
TEST_0406,0.0004910544375889003,0.9995089455624111
TEST_0407,0.011766077019274235,0.9882339229807258
TEST_0408,6.759798270650208e-05,0.9999324020172935
TEST_0409,1.7701810065773316e-05,0.9999822981899342
TEST_0410,0.00011432203609729186,0.9998856779639027
TEST_0411,0.3463088870048523,0.6536911129951477
TEST_0412,0.0008560894057154655,0.9991439105942845
TEST_0413,0.0003850649227388203,0.9996149350772612
TEST_0414,1.10472428787034e-05,0.9999889527571213
TEST_0415,0.0016972437733784318,0.9983027562266216
TEST_0416,7.91147249401547e-05,0.9999208852750598
TEST_0417,0.0007655384251847863,0.9992344615748152
TEST_0418,0.0005596765549853444,0.9994403234450147
TEST_0419,0.0024715354666113853,0.9975284645333886
TEST_0420,0.016210703179240227,0.9837892968207598
TEST_0421,0.0003274393966421485,0.9996725606033579
TEST_0422,0.02916167490184307,0.9708383250981569
TEST_0423,0.024174978956580162,0.9758250210434198
TEST_0424,0.14170953631401062,0.8582904636859894
TEST_0425,0.02306360937654972,0.9769363906234503
TEST_0426,0.0004095813783351332,0.9995904186216649
TEST_0427,0.0007920105708763003,0.9992079894291237
TEST_0428,0.00037315156077966094,0.9996268484392203
TEST_0429,4.393736890051514e-05,0.9999560626310995
TEST_0430,8.534316293662414e-05,0.9999146568370634
TEST_0431,0.00019475907902233303,0.9998052409209777
TEST_0432,0.00039411679608747363,0.9996058832039125
TEST_0433,3.1975159799912944e-05,0.9999680248402001
TEST_0434,0.023428427055478096,0.9765715729445219
TEST_0435,0.01607029139995575,0.9839297086000443
TEST_0436,0.0006530240643769503,0.999346975935623
TEST_0437,8.471962064504623e-05,0.999915280379355
TEST_0438,6.952482362976298e-05,0.9999304751763702
TEST_0439,0.0003332139749545604,0.9996667860250454
TEST_0440,0.00019659497775137424,0.9998034050222486
TEST_0441,0.018993427976965904,0.9810065720230341
TEST_0442,0.07017765194177628,0.9298223480582237
TEST_0443,5.998583947075531e-05,0.9999400141605292
TEST_0444,0.00019333111413288862,0.9998066688858671
TEST_0445,0.00015706020349171013,0.9998429397965083
TEST_0446,9.683216194389388e-05,0.9999031678380561
TEST_0447,2.483894058968872e-05,0.9999751610594103
TEST_0448,0.012762588448822498,0.9872374115511775
TEST_0449,0.025628158822655678,0.9743718411773443
TEST_0450,0.0004417891032062471,0.9995582108967938
TEST_0451,0.3048176169395447,0.6951823830604553
TEST_0452,0.006272029597312212,0.9937279704026878
TEST_0453,8.325799717567861e-05,0.9999167420028243
TEST_0454,0.00034657210926525295,0.9996534278907347
TEST_0455,0.022644581273198128,0.9773554187268019
TEST_0456,0.15543437004089355,0.8445656299591064
TEST_0457,0.011879208497703075,0.9881207915022969
TEST_0458,4.800622627953999e-05,0.9999519937737205
TEST_0459,0.0217647235840559,0.9782352764159441
TEST_0460,0.030880477279424667,0.9691195227205753
TEST_0461,0.0004338504222687334,0.9995661495777313
TEST_0462,7.212602213257924e-05,0.9999278739778674
TEST_0463,0.0001164481436717324,0.9998835518563283
TEST_0464,0.0004283054149709642,0.999571694585029
TEST_0465,0.00034744039294309914,0.9996525596070569
TEST_0466,0.0005001899553462863,0.9994998100446537
TEST_0467,4.318680294090882e-05,0.9999568131970591
TEST_0468,5.672023326042108e-05,0.9999432797667396
TEST_0469,0.11897972971200943,0.8810202702879906
TEST_0470,1.2973419870832004e-05,0.9999870265801292
TEST_0471,4.9962010962190107e-05,0.9999500379890378
TEST_0472,4.5510743802879006e-05,0.9999544892561971
TEST_0473,7.934433233458549e-05,0.9999206556676654
TEST_0474,7.652660133317113e-05,0.9999234733986668
TEST_0475,0.0255698524415493,0.9744301475584507
TEST_0476,0.019162490963935852,0.9808375090360641
TEST_0477,0.007700611371546984,0.992299388628453
TEST_0478,0.0003385908785276115,0.9996614091214724
TEST_0479,0.0006434711976908147,0.9993565288023092
TEST_0480,0.016137512400746346,0.9838624875992537
TEST_0481,8.107550092972815e-05,0.9999189244990703
TEST_0482,5.771556971012615e-05,0.9999422844302899
TEST_0483,0.00026106336736120284,0.9997389366326388
TEST_0484,0.00048467807937413454,0.9995153219206259
TEST_0485,0.04980064928531647,0.9501993507146835
TEST_0486,0.000751991115976125,0.9992480088840239
TEST_0487,7.438565080519766e-05,0.9999256143491948
TEST_0488,6.158414907986298e-05,0.9999384158509201
TEST_0489,4.4762404286302626e-05,0.9999552375957137
TEST_0490,0.0018476879922673106,0.9981523120077327
TEST_0491,0.01295549888163805,0.987044501118362
TEST_0492,1.3997701898915693e-05,0.9999860022981011
TEST_0493,0.008763346821069717,0.9912366531789303
TEST_0494,0.00035143629065714777,0.9996485637093429
TEST_0495,0.0003342180571053177,0.9996657819428947
TEST_0496,2.5696330339997075e-05,0.99997430366966
TEST_0497,0.017038999125361443,0.9829610008746386
TEST_0498,5.330012572812848e-05,0.9999466998742719
TEST_0499,0.00043118285248056054,0.9995688171475194
TEST_0500,0.015583823435008526,0.9844161765649915
TEST_0501,5.3849751566303894e-05,0.9999461502484337
TEST_0502,3.801440470851958e-05,0.9999619855952915
TEST_0503,1.2756147043546662e-05,0.9999872438529565
TEST_0504,3.579839540179819e-05,0.9999642016045982
TEST_0505,0.0003663918178062886,0.9996336081821937
TEST_0506,5.484061694005504e-05,0.99994515938306
TEST_0507,0.007533399388194084,0.9924666006118059
TEST_0508,0.000594008422922343,0.9994059915770777
TEST_0509,0.007615496404469013,0.992384503595531
TEST_0510,0.023998232558369637,0.9760017674416304
TEST_0511,0.015833459794521332,0.9841665402054787
TEST_0512,0.0004809257516171783,0.9995190742483828
TEST_0513,0.00023242717725224793,0.9997675728227478
TEST_0514,5.097944813314825e-05,0.9999490205518669
TEST_0515,2.9058961445116438e-05,0.9999709410385549
TEST_0516,5.801100269309245e-05,0.9999419889973069
TEST_0517,0.0004735756665468216,0.9995264243334532
TEST_0518,2.3143138605519198e-05,0.9999768568613945
TEST_0519,0.0029085183050483465,0.9970914816949517
TEST_0520,0.0004194511566311121,0.9995805488433689
TEST_0521,0.010233068838715553,0.9897669311612844
TEST_0522,0.000597887032199651,0.9994021129678003
TEST_0523,6.0994596424279734e-05,0.9999390054035757
TEST_0524,0.022344568744301796,0.9776554312556982
TEST_0525,3.658824789454229e-05,0.9999634117521055
TEST_0526,0.9453672766685486,0.054632723331451416
TEST_0527,0.0004423993523232639,0.9995576006476767
TEST_0528,4.0200931834988296e-05,0.999959799068165
TEST_0529,7.190605538198724e-05,0.999928093944618
TEST_0530,0.0005486180889420211,0.999451381911058
TEST_0531,0.0002781773218885064,0.9997218226781115
TEST_0532,0.00041419960325583816,0.9995858003967442
TEST_0533,5.6425353250233456e-05,0.9999435746467498
TEST_0534,0.00026878275093622506,0.9997312172490638
TEST_0535,0.010526453144848347,0.9894735468551517
TEST_0536,9.31234608287923e-05,0.9999068765391712
TEST_0537,4.135479684919119e-05,0.9999586452031508
TEST_0538,4.0031649405136704e-05,0.9999599683505949
TEST_0539,0.0004923170199617743,0.9995076829800382
TEST_0540,0.00019623672415036708,0.9998037632758496
TEST_0541,0.01379446405917406,0.9862055359408259
TEST_0542,0.0007219861727207899,0.9992780138272792
TEST_0543,0.0005111036589369178,0.9994888963410631
TEST_0544,0.020960677415132523,0.9790393225848675
TEST_0545,0.00032704632030799985,0.999672953679692
TEST_0546,0.00034060803591273725,0.9996593919640873
TEST_0547,0.0003275421040598303,0.9996724578959402
TEST_0548,0.020002568140625954,0.979997431859374
TEST_0549,9.192715515382588e-05,0.9999080728448462
TEST_0550,2.0362485884106718e-05,0.9999796375141159
TEST_0551,0.0004530857258941978,0.9995469142741058
TEST_0552,8.503746357746422e-05,0.9999149625364225
TEST_0553,0.0012665620306506753,0.9987334379693493
TEST_0554,8.182298188330606e-05,0.9999181770181167
TEST_0555,0.000727508740965277,0.9992724912590347
TEST_0556,0.000490610662382096,0.9995093893376179
TEST_0557,3.2662592275300995e-05,0.9999673374077247
TEST_0558,0.019883310422301292,0.9801166895776987
TEST_0559,9.117166337091476e-05,0.9999088283366291
TEST_0560,2.4840976038831286e-05,0.9999751590239612
TEST_0561,1.2401887943269685e-05,0.9999875981120567
TEST_0562,0.010942904278635979,0.989057095721364
TEST_0563,0.016222843900322914,0.9837771560996771
TEST_0564,0.006728563457727432,0.9932714365422726
TEST_0565,2.715467599045951e-05,0.9999728453240095
TEST_0566,2.2035166693967767e-05,0.999977964833306
TEST_0567,2.7706326363841072e-05,0.9999722936736362
TEST_0568,0.017278488725423813,0.9827215112745762
TEST_0569,2.4282448066514917e-05,0.9999757175519335
TEST_0570,0.010619870387017727,0.9893801296129823
TEST_0571,0.0002753040462266654,0.9997246959537733
TEST_0572,0.02329511195421219,0.9767048880457878
TEST_0573,0.00019067020912189037,0.9998093297908781
TEST_0574,0.02350527234375477,0.9764947276562452
TEST_0575,0.0003140790213365108,0.9996859209786635
TEST_0576,3.792316056205891e-05,0.9999620768394379
TEST_0577,0.0002928195463027805,0.9997071804536972
TEST_0578,0.01912711001932621,0.9808728899806738
TEST_0579,7.143563561839983e-05,0.9999285643643816
TEST_0580,1.1940806871280074e-05,0.9999880591931287
TEST_0581,6.39425779809244e-05,0.9999360574220191
TEST_0582,0.0003488062066026032,0.9996511937933974
TEST_0583,0.0017294505378231406,0.9982705494621769
TEST_0584,0.0002240563480881974,0.9997759436519118
TEST_0585,9.227416012436152e-05,0.9999077258398756
TEST_0586,2.616675010358449e-05,0.9999738332498964
TEST_0587,1.8482876839698292e-05,0.9999815171231603
TEST_0588,9.760671673575416e-05,0.9999023932832642
TEST_0589,0.00044171122135594487,0.999558288778644
TEST_0590,0.025545965880155563,0.9744540341198444
TEST_0591,0.00032582919811829925,0.9996741708018817
TEST_0592,4.151181929046288e-05,0.9999584881807095
TEST_0593,0.0010700764833018184,0.9989299235166982
TEST_0594,0.0005223109619691968,0.9994776890380308
TEST_0595,6.317994848359376e-05,0.9999368200515164
TEST_0596,0.026695432141423225,0.9733045678585768
TEST_0597,0.022288871929049492,0.9777111280709505
TEST_0598,3.7377310945885256e-05,0.9999626226890541
TEST_0599,0.00013669076724909246,0.9998633092327509
TEST_0600,0.0002851569443009794,0.999714843055699
TEST_0601,4.0132985304808244e-05,0.9999598670146952
TEST_0602,0.025091135874390602,0.9749088641256094
TEST_0603,6.258331268327311e-05,0.9999374166873167
TEST_0604,8.806443656794727e-05,0.999911935563432
TEST_0605,0.00023718865122646093,0.9997628113487735
TEST_0606,0.00018473187810741365,0.9998152681218926
TEST_0607,4.314966645324603e-05,0.9999568503335468
TEST_0608,4.192385313217528e-05,0.9999580761468678
TEST_0609,0.0004601482069119811,0.999539851793088
TEST_0610,0.00028253329219296575,0.999717466707807
TEST_0611,0.00040326372254639864,0.9995967362774536
TEST_0612,2.5124967578449287e-05,0.9999748750324216
TEST_0613,8.633170364191756e-05,0.9999136682963581
TEST_0614,1.7861040760180913e-05,0.9999821389592398
TEST_0615,0.00032159071997739375,0.9996784092800226
TEST_0616,0.00896141491830349,0.9910385850816965
TEST_0617,0.016938623040914536,0.9830613769590855
TEST_0618,0.02665545791387558,0.9733445420861244
TEST_0619,0.020886413753032684,0.9791135862469673
TEST_0620,1.914656604640186e-05,0.9999808534339536
TEST_0621,5.624195182463154e-05,0.9999437580481754
TEST_0622,0.016681089997291565,0.9833189100027084
TEST_0623,0.0003295147034805268,0.9996704852965195
TEST_0624,0.0003540095058269799,0.999645990494173
TEST_0625,0.0003467657952569425,0.9996532342047431
TEST_0626,0.00033383589470759034,0.9996661641052924
TEST_0627,0.0003593105939216912,0.9996406894060783
TEST_0628,0.0067709339782595634,0.9932290660217404
TEST_0629,4.3814186938107014e-05,0.9999561858130619
TEST_0630,3.741488853847841e-06,0.9999962585111462
TEST_0631,0.01822832226753235,0.9817716777324677
TEST_0632,0.0003667589044198394,0.9996332410955802
TEST_0633,7.206723967101425e-05,0.999927932760329
TEST_0634,6.629711424466223e-05,0.9999337028857553
TEST_0635,0.0001533958566142246,0.9998466041433858
TEST_0636,3.4265482099726796e-05,0.9999657345179003
TEST_0637,0.0324825681746006,0.9675174318253994
TEST_0638,0.01046017836779356,0.9895398216322064
TEST_0639,0.0188780315220356,0.9811219684779644
TEST_0640,2.7075549951405264e-05,0.9999729244500486
TEST_0641,0.0005743863875977695,0.9994256136124022
TEST_0642,0.00032946697319857776,0.9996705330268014
TEST_0643,8.517007518094033e-05,0.9999148299248191
TEST_0644,0.0005220394232310355,0.999477960576769
TEST_0645,4.0076993172988296e-05,0.999959923006827
TEST_0646,5.58311803615652e-05,0.9999441688196384
TEST_0647,9.254018368665129e-05,0.9999074598163133
TEST_0648,4.880525739281438e-05,0.9999511947426072
TEST_0649,0.007461434230208397,0.9925385657697916
TEST_0650,0.00043234784970991313,0.9995676521502901
TEST_0651,7.701049617026001e-05,0.9999229895038297
TEST_0652,0.0006053535616956651,0.9993946464383043
TEST_0653,0.01633552275598049,0.9836644772440195
TEST_0654,1.2534753295767587e-05,0.9999874652467042
TEST_0655,8.457803778583184e-05,0.9999154219622142
TEST_0656,6.945888890186325e-05,0.9999305411110981
TEST_0657,9.490059164818376e-05,0.9999050994083518
TEST_0658,7.477060717064887e-05,0.9999252293928294
TEST_0659,0.016432616859674454,0.9835673831403255
TEST_0660,0.001058000372722745,0.9989419996272773
TEST_0661,0.02108636684715748,0.9789136331528425
TEST_0662,3.2885876862565055e-05,0.9999671141231374
TEST_0663,0.010619143955409527,0.9893808560445905
TEST_0664,0.0153573639690876,0.9846426360309124
TEST_0665,3.478048165561631e-05,0.9999652195183444
TEST_0666,0.0007072105072438717,0.9992927894927561
TEST_0667,7.1867456426844e-05,0.9999281325435732
TEST_0668,0.021110182628035545,0.9788898173719645
TEST_0669,0.024002036079764366,0.9759979639202356
TEST_0670,2.5210219973814674e-05,0.9999747897800262
TEST_0671,9.325231076218188e-05,0.9999067476892378
TEST_0672,0.00040226048440672457,0.9995977395155933
TEST_0673,0.00010619102977216244,0.9998938089702278
TEST_0674,6.311780452961102e-05,0.9999368821954704
TEST_0675,1.395368053636048e-05,0.9999860463194636
TEST_0676,6.38279234408401e-05,0.9999361720765592
TEST_0677,0.0003820913261733949,0.9996179086738266
TEST_0678,0.012550598941743374,0.9874494010582566
TEST_0679,0.0057367486879229546,0.994263251312077
TEST_0680,0.009725972078740597,0.9902740279212594
TEST_0681,3.767591260839254e-05,0.9999623240873916
TEST_0682,0.00040011570672504604,0.999599884293275
TEST_0683,0.016613390296697617,0.9833866097033024
TEST_0684,0.0005390188307501376,0.9994609811692499
TEST_0685,0.00014915288193151355,0.9998508471180685
TEST_0686,0.0001838350435718894,0.9998161649564281
TEST_0687,0.00010518455383135006,0.9998948154461686
TEST_0688,4.6151155402185395e-05,0.9999538488445978
TEST_0689,6.992089038249105e-05,0.9999300791096175
TEST_0690,0.00035202893195673823,0.9996479710680433
TEST_0691,0.028009513393044472,0.9719904866069555
TEST_0692,0.9658660888671875,0.0341339111328125
TEST_0693,0.00046264613047242165,0.9995373538695276
TEST_0694,0.0014289375394582748,0.9985710624605417
TEST_0695,0.023286646232008934,0.9767133537679911
TEST_0696,4.37666240031831e-05,0.9999562333759968
TEST_0697,7.279538112925366e-05,0.9999272046188707
TEST_0698,0.028720159083604813,0.9712798409163952
TEST_0699,0.5483514070510864,0.4516485929489136
TEST_0700,2.3745920771034434e-05,0.999976254079229
TEST_0701,6.538676825584844e-05,0.9999346132317442
TEST_0702,6.771966582164168e-05,0.9999322803341784
TEST_0703,0.00010278201079927385,0.9998972179892007
TEST_0704,0.012109360657632351,0.9878906393423676
TEST_0705,0.000579946325160563,0.9994200536748394
TEST_0706,0.8460218906402588,0.1539781093597412
TEST_0707,3.5169410693924874e-05,0.9999648305893061
TEST_0708,0.023552604019641876,0.9764473959803581
TEST_0709,6.254113395698369e-05,0.999937458866043
TEST_0710,0.0003235373296774924,0.9996764626703225
TEST_0711,0.00020511540060397238,0.999794884599396
TEST_0712,4.518993227975443e-05,0.9999548100677202
TEST_0713,1.7203428797074594e-05,0.9999827965712029
TEST_0714,0.00013912054419051856,0.9998608794558095
TEST_0715,4.251350401318632e-05,0.9999574864959868
TEST_0716,0.000115317823656369,0.9998846821763436
TEST_0717,0.01403599139302969,0.9859640086069703
TEST_0718,0.00014182226732373238,0.9998581777326763
TEST_0719,0.010103059001266956,0.989896940998733
TEST_0720,0.0011614254908636212,0.9988385745091364
TEST_0721,0.0010199914686381817,0.9989800085313618
TEST_0722,0.020197687670588493,0.9798023123294115
TEST_0723,3.2212294172495604e-05,0.9999677877058275
TEST_0724,8.843276737025008e-05,0.9999115672326297
TEST_0725,3.876976188621484e-05,0.9999612302381138
TEST_0726,0.0003952103143092245,0.9996047896856908
TEST_0727,0.0001821684854803607,0.9998178315145196
TEST_0728,0.0003939321613870561,0.9996060678386129
TEST_0729,2.6547570087132044e-05,0.9999734524299129
TEST_0730,6.1909289797768e-05,0.9999380907102022
TEST_0731,0.021127909421920776,0.9788720905780792
TEST_0732,3.055174965993501e-05,0.9999694482503401
TEST_0733,0.006626605521887541,0.9933733944781125
TEST_0734,0.00041546369902789593,0.9995845363009721
TEST_0735,0.008677830919623375,0.9913221690803766
TEST_0736,0.00602650037035346,0.9939734996296465
TEST_0737,5.4955682571744546e-05,0.9999450443174283
TEST_0738,0.0003479556180536747,0.9996520443819463
TEST_0739,0.00031350943027064204,0.9996864905697294
TEST_0740,0.00012083363253623247,0.9998791663674638
TEST_0741,0.022288139909505844,0.9777118600904942
TEST_0742,0.00012819250696338713,0.9998718074930366
TEST_0743,0.009929876774549484,0.9900701232254505
TEST_0744,0.014013038016855717,0.9859869619831443
TEST_0745,0.02490536868572235,0.9750946313142776
TEST_0746,3.1348143238574266e-05,0.9999686518567614
TEST_0747,0.013047338463366032,0.986952661536634
TEST_0748,0.00036494733649306,0.9996350526635069
TEST_0749,0.01526834536343813,0.9847316546365619
TEST_0750,6.460976146627218e-05,0.9999353902385337
TEST_0751,3.477819700492546e-05,0.9999652218029951
TEST_0752,0.0003713486366905272,0.9996286513633095
TEST_0753,7.864835788495839e-05,0.999921351642115
TEST_0754,8.711036934982985e-05,0.9999128896306502
TEST_0755,0.01688367687165737,0.9831163231283426
TEST_0756,0.08497776091098785,0.9150222390890121
TEST_0757,0.02084086649119854,0.9791591335088015
TEST_0758,6.524164928123355e-05,0.9999347583507188
TEST_0759,3.218368146917783e-05,0.9999678163185308
TEST_0760,0.005150904413312674,0.9948490955866873
TEST_0761,0.0003443261084612459,0.9996556738915388
TEST_0762,5.4605468903901055e-05,0.9999453945310961
TEST_0763,0.015728116035461426,0.9842718839645386
TEST_0764,6.526000652229413e-05,0.9999347399934777
TEST_0765,0.0002843134861905128,0.9997156865138095
TEST_0766,0.009138823486864567,0.9908611765131354
TEST_0767,0.0001260117132915184,0.9998739882867085
TEST_0768,0.011081479489803314,0.9889185205101967
TEST_0769,0.0007123947143554688,0.9992876052856445
TEST_0770,4.895955862593837e-05,0.9999510404413741
TEST_0771,0.013030868023633957,0.986969131976366
TEST_0772,1.8862425349652767e-05,0.9999811375746503
TEST_0773,0.00025273117353208363,0.9997472688264679
TEST_0774,0.01888563670217991,0.9811143632978201
TEST_0775,1.4071556506678462e-05,0.9999859284434933
TEST_0776,0.0018042601877823472,0.9981957398122177
TEST_0777,6.33836243650876e-05,0.9999366163756349
TEST_0778,5.775416866526939e-05,0.9999422458313347
TEST_0779,0.00031569291604682803,0.9996843070839532
TEST_0780,0.011241571046411991,0.988758428953588
TEST_0781,0.0005738377803936601,0.9994261622196063
TEST_0782,0.00011763865040848032,0.9998823613495915
TEST_0783,0.011709905229508877,0.9882900947704911
TEST_0784,0.0014675062848255038,0.9985324937151745
TEST_0785,0.021772587671875954,0.978227412328124
TEST_0786,0.0005608938517980278,0.999439106148202
TEST_0787,0.0006669387221336365,0.9993330612778664
TEST_0788,0.0004203571588732302,0.9995796428411268
TEST_0789,0.023470168933272362,0.9765298310667276
TEST_0790,0.0003932479885406792,0.9996067520114593
TEST_0791,0.0014381647342815995,0.9985618352657184
TEST_0792,8.995349344331771e-05,0.9999100465065567
TEST_0793,0.010863378643989563,0.9891366213560104
TEST_0794,6.299177039181814e-05,0.9999370082296082
TEST_0795,0.00873519666492939,0.9912648033350706
TEST_0796,7.029226253507659e-05,0.9999297077374649
TEST_0797,0.011329093016684055,0.988670906983316
TEST_0798,0.015730729326605797,0.9842692706733942
TEST_0799,0.0009352236520498991,0.9990647763479501
TEST_0800,0.00571028608828783,0.9942897139117122
TEST_0801,0.008682048879563808,0.9913179511204362
TEST_0802,0.00019614094344433397,0.9998038590565557
TEST_0803,7.543888932559639e-05,0.9999245611106744
TEST_0804,0.0054125054739415646,0.9945874945260584
TEST_0805,0.02341151051223278,0.9765884894877672
TEST_0806,3.929133163182996e-05,0.9999607086683682
TEST_0807,0.0005487341550178826,0.9994512658449821
TEST_0808,0.00031685500289313495,0.9996831449971069
TEST_0809,0.012207143008708954,0.987792856991291
TEST_0810,6.582401692867279e-05,0.9999341759830713
TEST_0811,7.049324631225318e-05,0.9999295067536877
TEST_0812,2.814933395711705e-05,0.9999718506660429
TEST_0813,0.011769348755478859,0.9882306512445211
TEST_0814,0.000524463364854455,0.9994755366351455
TEST_0815,0.00010842007759492844,0.9998915799224051
TEST_0816,0.0001222864812007174,0.9998777135187993
TEST_0817,0.019555456936359406,0.9804445430636406
TEST_0818,5.6064756790874526e-05,0.9999439352432091
TEST_0819,1.448057810193859e-05,0.9999855194218981
TEST_0820,0.0015986543148756027,0.9984013456851244
TEST_0821,0.0004842329362872988,0.9995157670637127
TEST_0822,0.0003372756182216108,0.9996627243817784
TEST_0823,1.7832413504947908e-05,0.999982167586495
TEST_0824,0.048580288887023926,0.9514197111129761
TEST_0825,0.00045940547715872526,0.9995405945228413
TEST_0826,0.12352313101291656,0.8764768689870834
TEST_0827,6.421621219487861e-05,0.9999357837878051
TEST_0828,4.7778914449736476e-05,0.9999522210855503
TEST_0829,0.00040988498949445784,0.9995901150105055
TEST_0830,0.018172554671764374,0.9818274453282356
TEST_0831,4.74373264296446e-05,0.9999525626735704
TEST_0832,0.007339025381952524,0.9926609746180475
TEST_0833,7.868398824939504e-05,0.9999213160117506
TEST_0834,0.0001417579042026773,0.9998582420957973
TEST_0835,2.687968844838906e-05,0.9999731203115516
TEST_0836,3.2329549867426977e-05,0.9999676704501326
TEST_0837,1.7233971448149532e-05,0.9999827660285519
TEST_0838,8.941258420236409e-05,0.9999105874157976
TEST_0839,6.115592987043783e-05,0.9999388440701296
TEST_0840,8.281843474833295e-05,0.9999171815652517
TEST_0841,1.2697597412625328e-05,0.9999873024025874
TEST_0842,0.01078521367162466,0.9892147863283753
TEST_0843,0.00198458693921566,0.9980154130607843
TEST_0844,0.010607792064547539,0.9893922079354525
TEST_0845,0.00031157591729424894,0.9996884240827058
TEST_0846,0.00033727497793734074,0.9996627250220627
TEST_0847,9.38304128794698e-06,0.999990616958712
TEST_0848,0.02103787660598755,0.9789621233940125
TEST_0849,0.0012053311802446842,0.9987946688197553
TEST_0850,0.0002651170361787081,0.9997348829638213
TEST_0851,5.7353947340743616e-05,0.9999426460526593
TEST_0852,5.422939648269676e-05,0.9999457706035173
TEST_0853,9.423329174751416e-05,0.9999057667082525
TEST_0854,6.616165046580136e-05,0.9999338383495342
TEST_0855,0.0001701517030596733,0.9998298482969403
TEST_0856,0.019928863272070885,0.9800711367279291
TEST_0857,7.34322820790112e-05,0.999926567717921
TEST_0858,3.6621444451157004e-05,0.9999633785555488
TEST_0859,0.00045000252430327237,0.9995499974756967
TEST_0860,0.0004249676421750337,0.999575032357825
TEST_0861,0.00047415023436769843,0.9995258497656323
TEST_0862,0.023516524583101273,0.9764834754168987
TEST_0863,0.0001388389355270192,0.999861161064473
TEST_0864,1.5609168258379214e-05,0.9999843908317416
TEST_0865,0.016365133225917816,0.9836348667740822
TEST_0866,0.00021074575488455594,0.9997892542451154
TEST_0867,0.00040930224349722266,0.9995906977565028
TEST_0868,5.913913992117159e-05,0.9999408608600788
TEST_0869,0.02532248944044113,0.9746775105595589
TEST_0870,2.5968471163650975e-05,0.9999740315288363
TEST_0871,0.0001292927045142278,0.9998707072954858
TEST_0872,1.820374200178776e-05,0.9999817962579982
TEST_0873,0.012044328264892101,0.9879556717351079
TEST_0874,0.0003118195745628327,0.9996881804254372
TEST_0875,6.06267130933702e-05,0.9999393732869066
TEST_0876,0.000346734537743032,0.999653265462257
TEST_0877,0.020131342113018036,0.979868657886982
TEST_0878,0.017406482249498367,0.9825935177505016
TEST_0879,0.00036042247666046023,0.9996395775233395
TEST_0880,3.267950887675397e-05,0.9999673204911232
TEST_0881,0.00027035074890591204,0.9997296492510941
TEST_0882,0.03190133720636368,0.9680986627936363
TEST_0883,6.423912418540567e-05,0.9999357608758146
TEST_0884,6.490451050922275e-05,0.9999350954894908
TEST_0885,0.00042200690950267017,0.9995779930904973
TEST_0886,2.2513453586725518e-05,0.9999774865464133
TEST_0887,0.2968718707561493,0.7031281292438507
TEST_0888,7.306082989089191e-05,0.9999269391701091
TEST_0889,0.0012332528131082654,0.9987667471868917
TEST_0890,4.336549682193436e-05,0.9999566345031781
TEST_0891,0.0003051815729122609,0.9996948184270877
TEST_0892,8.070639887591824e-05,0.9999192936011241
TEST_0893,0.00719614839181304,0.992803851608187
TEST_0894,0.0003602250071708113,0.9996397749928292
TEST_0895,0.010876473039388657,0.9891235269606113
TEST_0896,0.00045660787145607173,0.9995433921285439
TEST_0897,0.012947113253176212,0.9870528867468238
TEST_0898,9.830335329752415e-05,0.9999016966467025
TEST_0899,0.01896335743367672,0.9810366425663233
TEST_0900,0.0295710451900959,0.9704289548099041
TEST_0901,0.020230608060956,0.979769391939044
TEST_0902,0.0004208493046462536,0.9995791506953537
TEST_0903,0.0007162921247072518,0.9992837078752927
TEST_0904,6.814989319536835e-05,0.9999318501068046
TEST_0905,8.311789861181751e-05,0.9999168821013882
TEST_0906,0.00025058735627681017,0.9997494126437232
TEST_0907,0.006560574751347303,0.9934394252486527
TEST_0908,0.025191158056259155,0.9748088419437408
TEST_0909,0.0003834599338006228,0.9996165400661994
TEST_0910,0.0009468627395108342,0.9990531372604892
TEST_0911,0.007994852028787136,0.9920051479712129
TEST_0912,0.009674880653619766,0.9903251193463802
TEST_0913,7.84245457907673e-06,0.9999921575454209
TEST_0914,0.0009285192936658859,0.9990714807063341
TEST_0915,6.955214485060424e-05,0.9999304478551494
TEST_0916,6.223942909855396e-05,0.9999377605709014
TEST_0917,0.0004967021523043513,0.9995032978476956
TEST_0918,0.005493699107319117,0.9945063008926809
TEST_0919,2.7055029931943864e-05,0.9999729449700681
TEST_0920,0.0002171276864828542,0.9997828723135171
TEST_0921,0.0003161959757562727,0.9996838040242437
TEST_0922,0.02420686185359955,0.9757931381464005
TEST_0923,0.014772792346775532,0.9852272076532245
TEST_0924,5.02952480019303e-06,0.9999949704751998
TEST_0925,0.03033396787941456,0.9696660321205854
TEST_0926,0.0003743787237908691,0.9996256212762091
TEST_0927,0.019437257200479507,0.9805627427995205
TEST_0928,1.4585715689463541e-05,0.9999854142843105
TEST_0929,0.0001958221400855109,0.9998041778599145
TEST_0930,6.902335735503584e-05,0.999930976642645
TEST_0931,0.0005753855220973492,0.9994246144779027
TEST_0932,0.015843337401747704,0.9841566625982523
TEST_0933,0.0006209100829437375,0.9993790899170563
TEST_0934,1.2257544767635409e-05,0.9999877424552324
TEST_0935,0.00016355981642846018,0.9998364401835715
TEST_0936,6.276344356592745e-05,0.9999372365564341
TEST_0937,0.0004435804730746895,0.9995564195269253
TEST_0938,8.83285883901408e-06,0.999991167141161
TEST_0939,0.0001606095174793154,0.9998393904825207
TEST_0940,0.0004014245932921767,0.9995985754067078
TEST_0941,8.107881876640022e-05,0.9999189211812336
TEST_0942,0.009415684267878532,0.9905843157321215
TEST_0943,5.8874218666460365e-05,0.9999411257813335
TEST_0944,6.286372081376612e-05,0.9999371362791862
TEST_0945,0.8389438390731812,0.16105616092681885
TEST_0946,0.011174616403877735,0.9888253835961223
TEST_0947,0.22835639119148254,0.7716436088085175
TEST_0948,1.673263614065945e-05,0.9999832673638593
TEST_0949,2.542842412367463e-05,0.9999745715758763
TEST_0950,0.022791706025600433,0.9772082939743996
TEST_0951,0.014024044387042522,0.9859759556129575
TEST_0952,0.000747742538806051,0.999252257461194
TEST_0953,0.009119520895183086,0.9908804791048169
TEST_0954,0.0005931414198130369,0.999406858580187
TEST_0955,0.01154905091971159,0.9884509490802884
TEST_0956,0.00012229953426867723,0.9998777004657313
TEST_0957,7.287420885404572e-05,0.999927125791146
TEST_0958,0.00012154525029473007,0.9998784547497053
TEST_0959,0.0002320124622201547,0.9997679875377798
TEST_0960,7.841381011530757e-05,0.9999215861898847
TEST_0961,0.00019452116976026446,0.9998054788302397
TEST_0962,1.4786257452215068e-05,0.9999852137425478
TEST_0963,0.015455815941095352,0.9845441840589046
TEST_0964,4.643249121727422e-05,0.9999535675087827
TEST_0965,0.019304655492305756,0.9806953445076942
TEST_0966,5.5830114433774725e-05,0.9999441698855662
TEST_0967,5.211686220718548e-05,0.9999478831377928
TEST_0968,3.000888136739377e-05,0.9999699911186326
TEST_0969,1.1553613148862496e-05,0.9999884463868511
TEST_0970,1.5299061487894505e-05,0.9999847009385121
TEST_0971,0.005608142353594303,0.9943918576464057
TEST_0972,2.876575854315888e-05,0.9999712342414568
TEST_0973,1.4552482753060758e-05,0.9999854475172469
TEST_0974,0.015412753447890282,0.9845872465521097
TEST_0975,0.00021505498443730175,0.9997849450155627
TEST_0976,0.964360773563385,0.03563922643661499
TEST_0977,0.017500396817922592,0.9824996031820774
TEST_0978,3.318801100249402e-05,0.9999668119889975
TEST_0979,0.0003746766597032547,0.9996253233402967
TEST_0980,9.314291673945263e-05,0.9999068570832605
TEST_0981,3.782596468226984e-05,0.9999621740353177
TEST_0982,9.393363870913163e-05,0.9999060663612909
TEST_0983,0.0003274665796197951,0.9996725334203802
TEST_0984,0.022311588749289513,0.9776884112507105
TEST_0985,0.00035402097273617983,0.9996459790272638
TEST_0986,0.00029070634627714753,0.9997092936537229
TEST_0987,7.547429413534701e-05,0.9999245257058647
TEST_0988,0.025325456634163857,0.9746745433658361
TEST_0989,3.517652294249274e-05,0.9999648234770575
TEST_0990,3.5012231819564477e-05,0.9999649877681804
TEST_0991,5.657810470438562e-05,0.9999434218952956
TEST_0992,0.00935223139822483,0.9906477686017752
TEST_0993,0.0008277734159491956,0.9991722265840508
TEST_0994,7.52498599467799e-05,0.9999247501400532
TEST_0995,0.0005607503117062151,0.9994392496882938
TEST_0996,3.0347524443641305e-05,0.9999696524755564
TEST_0997,7.657930109417066e-05,0.9999234206989058
TEST_0998,8.756368333706632e-05,0.9999124363166629
TEST_0999,0.0004304549074731767,0.9995695450925268
TEST_1000,7.098568312358111e-05,0.9999290143168764
